<metadata>
	<mdFileID Sync="TRUE">{7E780666-39DC-4A89-AB01-6A9C05FF8008}</mdFileID>
	<mdLang>
		<languageCode value="en">
		</languageCode>
		<countryCode value="GBR" Sync="TRUE"></countryCode></mdLang>
	<mdChar Sync="TRUE">
		<CharSetCd value="004"/>
	</mdChar>
	<mdParentID Sync="TRUE">
	</mdParentID>
	<mdHrLv2>attribute</mdHrLv2>
	<mdHrLvName2 Sync="TRUE">Geodatabase attribute table</mdHrLvName2>
	<mdContact>
		<role>
		</role>
	</mdContact>
	<mdDateSt>20080901</mdDateSt>
	<mdStanName2> ISO19115:2003 </mdStanName2>
	<mdStanVer2> GISCO 1.0 </mdStanVer2>
	<dataSetURI Sync="TRUE">Server=anteater.cc.cec.eu.int; Service=port:5154; User=giscoread; Version=SDE.DEFAULT</dataSetURI>
	<refSysInfo>
		<refSysId>
			<identCode>ETRS89</identCode>
		</refSysId>
		<RefSystem>
			<refSysID>
				<identCode>ETRS89</identCode>
			</refSysID>
		</RefSystem>
	</refSysInfo>
	<dataIdInfo>
		<idCitation>
			<resTitle>Table with data source descriptions</resTitle>
			<resAltTitle>GISCO.DATA_SRC_AT</resAltTitle>
			<resRefDate>
				<refDate>20030506</refDate>
				<refDateType>
					<DateTypCd value="001"/>
				</refDateType>
			</resRefDate>
			<resEd>
			</resEd>
			<resEdDate>20080430</resEdDate>
			<citRespParty>
				<rpOrgName>Eurostat GISCO - European Commission</rpOrgName>
				<rpCntInfo>
					<cntPhone>
						<voiceNum>+352 4301 32076</voiceNum>
						<faxNum>+352 4301 32029</faxNum>
					</cntPhone>
					<cntAddress>
						<delPoint>5, rue Alphonse Weicker</delPoint>
						<city>Luxembourg</city>
						<adminArea>Luxembourg</adminArea>
						<postCode>2920</postCode>
						<eMailAdd>estat-gisco@ec.europa.eu</eMailAdd>
						<country>lu</country>
					</cntAddress>
				</rpCntInfo>
				<role>
					<RoleCd value="007"/>
				</role>
			</citRespParty>
			<citRespParty>
				<rpOrgName>SADL, KULeuven R&amp;D</rpOrgName>
				<rpCntInfo>
					<cntPhone>
						<voiceNum>+32 16 329732</voiceNum>
						<faxNum>+32 16 329724</faxNum>
					</cntPhone>
					<cntAddress>
						<delPoint>GEO-instituut Campus Arenberg, Celestijnenlaan 200E</delPoint>
						<city>Leuven</city>
						<postCode>3001</postCode>
						<eMailAdd>giscoteam@sadl.kuleuven.be</eMailAdd>
						<country>be</country>
					</cntAddress>
				</rpCntInfo>
				<role>
					<RoleCd value="009"/>
				</role>
			</citRespParty>
			<presForm><PresFormCd Sync="TRUE" value="011"></PresFormCd></presForm></idCitation>
		<idAbs>A table with a description of all data source codes (DATA_SRC_CODE) used in the GISCO reference database</idAbs>
		<idPurp>descriptive information</idPurp>
		<idStatus>completed</idStatus>
		<spatRpType>
			<spatRepTypCd value="003"/>
			<SpatRepTypCd value="003" Sync="TRUE"></SpatRepTypCd></spatRpType>
		<dataScale>
			<equScale>
				<rfDenom></rfDenom>
			</equScale>
		</dataScale>
		<dataChar>
			<CharSetCd value="004"/>
		</dataChar>
		<dataLang>
			<languageCode value="en">
			</languageCode>
			<countryCode value="GBR" Sync="TRUE"></countryCode></dataLang>
		<tpCat>
			<TopicCatCd value="003"/>
		</tpCat>
		<tpCat>
			<TopicCatCd value="012"/>
		</tpCat>
		<tpCat>
			<TopicCatCd value="014"/>
		</tpCat>
		<envirDesc Sync="TRUE">Microsoft Windows 7 Version 6.1 (Build 7601) Service Pack 1; ESRI ArcGIS 10.0.5.4400</envirDesc><idPoC Sync="TRUE"><rpOrgName Sync="TRUE">Eurostat GISCO - European Commission</rpOrgName><rpCntInfo><cntPhone><voiceNum Sync="TRUE">+352 4301 32076</voiceNum><faxNum Sync="TRUE">+352 4301 32029</faxNum></cntPhone><cntAddress><delPoint Sync="TRUE">5, rue Alphonse Weicker</delPoint><city Sync="TRUE">Luxembourg</city><adminArea Sync="TRUE">Luxembourg</adminArea><postCode Sync="TRUE">2920</postCode><country Sync="TRUE">lu</country><eMailAdd Sync="TRUE">estat-gisco@ec.europa.eu</eMailAdd></cntAddress></rpCntInfo><role><RoleCd Sync="TRUE" value="007"></RoleCd></role></idPoC></dataIdInfo>
	<distInfo>
		<distributor>
			<distorCont>
				<rpOrgName>Eurostat GISCO - European Commission</rpOrgName>
				<rpCntInfo>
					<cntPhone>
						<voiceNum>+352 4301 32076</voiceNum>
						<faxNum>+352 4301 32029</faxNum>
					</cntPhone>
					<cntAddress>
						<delPoint>5, rue Alphonse Weicker</delPoint>
						<city>Luxembourg</city>
						<adminArea>Luxembourg</adminArea>
						<postCode>2920</postCode>
						<eMailAdd>estat-gisco@ec.europa.eu</eMailAdd>
						<country>lu</country>
					</cntAddress>
				</rpCntInfo>
				<role>
					<RoleCd value="005"/>
				</role>
			</distorCont>
			<distorFormat>
				<formatName>SDE Table</formatName>
				<formatVer>9.2</formatVer>
			</distorFormat>
			<distorTran>
				<onLineSrc>
					<linkage>http://epp.eurostat.ec.europa.eu</linkage>
					<protocol>http://</protocol>
					<orDesc>002</orDesc>
					<orFunct>
						<OnFunctCd value="001"/>
					</orFunct>
				</onLineSrc>
				<offLineMed>
					<medName>
						<MedNameCd value="002"/>
					</medName>
				</offLineMed>
			</distorTran>
		</distributor>
		<distFormat><formatName Sync="TRUE">dBASE Table</formatName></distFormat><distTranOps><transSize Sync="TRUE">0.000</transSize></distTranOps></distInfo>
	<dqInfo>
		<dataLineage>
			<statement>This table is regularly updated whenever new data sources are introduced into the GISCO reference database</statement>
			<prcStep>
				<description>The following source codes were added with the creation of the LAKE_2006 dataset:
- 4131: ESRI Data &amp; Maps 2006 - USGS/EROS SRTM Water and DED
- 4132: ESRI Data &amp; Maps 2005 - DCW (GTOPO30) </description>
			</prcStep>
		</dataLineage>
		<DQDomConsis>
			<measName>Referential Integrity of Dataset</measName>
			<measId>
				<identAuth>
					<resTitle>
					</resTitle>
					<resRefDate>
					</resRefDate>
				</identAuth>
				<identCode>
				</identCode>
			</measId>
			<measDesc>The integrity and cardinality of the relationships (conceptual and implemented) was checked by enforcing primary and foreign key integrity constraints in Oracle. The constraints referencing coded value domain tables were a test of domain consistency.</measDesc>
			<evalMethType>
			</evalMethType>
			<evalMethDesc>Errors will show during creation of integrity constraints in Oracle. Constraints will not be applicable in case of violations to the consistency.</evalMethDesc>
			<evalProc>
				<resTitle>
				</resTitle>
				<resRefDate>
				</resRefDate>
			</evalProc>
			<measDateTm>20080502</measDateTm>
			<ConResult>
				<conExpl>No errors occurred, so the integrity of all primary and foreign keys was confirmed. All the values of each coded value attribute are compliant to the domains (except for any NULL values). The cardinality can only be confirmed where it is strict enough for this test to detect errors.</conExpl>
				<conPass>true</conPass>
			</ConResult>
		</DQDomConsis>
	</dqInfo>
	<eainfo>
		<detailed Name="DATA_SRC_AT">
			<enttyp>
				<enttypl>DATA_SRC_AT</enttypl>
				<enttypd>DATA Source attribute table</enttypd>
				<enttypt Sync="TRUE">Table</enttypt><enttypc Sync="TRUE">0</enttypc></enttyp>
			<attr><attrlabl Sync="TRUE">OID</attrlabl><attalias Sync="TRUE">OID</attalias><attrtype Sync="TRUE">OID</attrtype><attwidth Sync="TRUE">4</attwidth><atprecis Sync="TRUE">0</atprecis><attscale Sync="TRUE">0</attscale><attrdef Sync="TRUE">Internal feature number.</attrdef><attrdefs Sync="TRUE">ESRI</attrdefs><attrdomv><udom Sync="TRUE">Sequential unique whole numbers that are automatically generated.</udom></attrdomv></attr><attr><attrlabl Sync="TRUE">DATA_SRC_I</attrlabl><attalias Sync="TRUE">DATA_SRC_I</attalias><attrtype Sync="TRUE">Integer</attrtype><attwidth Sync="TRUE">9</attwidth><atprecis Sync="TRUE">9</atprecis><attscale Sync="TRUE">0</attscale></attr><attr>
				<attrtype>String</attrtype>
				<attrlabl>SRC_NAME</attrlabl>
				<attrdef>Name of the data source</attrdef>
				<attrdefs>GISCO</attrdefs>
				<attwidth>120</attwidth>
				<atprecis>0</atprecis>
				<attscale>0</attscale>
				<attalias Sync="TRUE">SRC_NAME</attalias></attr>
			<attr>
				<attrtype>String</attrtype>
				<attrlabl>REFR_DATE</attrlabl>
				<attrdef>reference date of the data source</attrdef>
				<attrdefs>GISCO</attrdefs>
				<attwidth>30</attwidth>
				<atprecis>0</atprecis>
				<attscale>0</attscale>
				<attalias Sync="TRUE">REFR_DATE</attalias></attr>
			<attr>
				<attrtype>String</attrtype>
				<attrlabl>RESO</attrlabl>
				<attrdef>resolution of the data source</attrdef>
				<attrdefs>GISCO</attrdefs>
				<attwidth>30</attwidth>
				<atprecis>0</atprecis>
				<attscale>0</attscale>
				<attalias Sync="TRUE">RESO</attalias></attr>
			<attr><attrlabl Sync="TRUE">PUBL_DISS_</attrlabl><attalias Sync="TRUE">PUBL_DISS_</attalias><attrtype Sync="TRUE">String</attrtype><attwidth Sync="TRUE">1</attwidth><atprecis Sync="TRUE">0</atprecis><attscale Sync="TRUE">0</attscale></attr></detailed>
	</eainfo>
	<Esri><CreaDate>20120314</CreaDate><CreaTime>09142700</CreaTime><SyncOnce>FALSE</SyncOnce><SyncDate>20150114</SyncDate><SyncTime>13514900</SyncTime><ModDate>20150114</ModDate><ModTime>13514900</ModTime><DataProperties><lineage><Process ToolSource="D:\Program Files\ArcGIS\ArcToolbox\Toolboxes\Data Management Tools.tbx\ChangePrivileges" Date="20100831" Time="113751">ChangePrivileges "Database Connections\Direct@GISCO@anteater.cc.cec.eu.int.sde\GISCO.DATA_SRC_AT" GISCOVIEW GRANT AS_IS "Database Connections\Direct@GISCO@anteater.cc.cec.eu.int.sde\GISCO.DATA_SRC_AT"</Process><Process ToolSource="D:\Program Files\ArcGIS\ArcToolbox\Toolboxes\Data Management Tools.tbx\ChangePrivileges" Date="20100901" Time="143532">ChangePrivileges "Database Connections\GISCO production RW.sde\GISCO.DATA_SRC_AT" GISCOVIEW GRANT AS_IS "Database Connections\GISCO production RW.sde\GISCO.DATA_SRC_AT"</Process><Process ToolSource="d:\program files\arcgis\desktop10.0\ArcToolbox\Toolboxes\Conversion Tools.tbx\TableToTable" Date="20111208" Time="090449">TableToTable "Database Connections\GISCO DEV SDE gisco.sde\GISCO.DATA_SRC_AT" D:\AndresE\missingrecord.gdb DATA_SRC_AT # "DATA_SRC_ID "DATA_SRC_ID" true true false 4 Long 0 10 ,First,#,Database Connections\GISCO DEV SDE gisco.sde\GISCO.DATA_SRC_AT,DATA_SRC_ID,-1,-1;SRC_NAME "SRC_NAME" true true false 180 Text 0 0 ,First,#,Database Connections\GISCO DEV SDE gisco.sde\GISCO.DATA_SRC_AT,SRC_NAME,-1,-1;REFR_DATE "REFR_DATE" true true false 45 Text 0 0 ,First,#,Database Connections\GISCO DEV SDE gisco.sde\GISCO.DATA_SRC_AT,REFR_DATE,-1,-1;RESO "RESO" true true false 45 Text 0 0 ,First,#,Database Connections\GISCO DEV SDE gisco.sde\GISCO.DATA_SRC_AT,RESO,-1,-1;PUBL_DISS_FLAG "PUBL_DISS_FLAG" true true false 1 Text 0 0 ,First,#,Database Connections\GISCO DEV SDE gisco.sde\GISCO.DATA_SRC_AT,PUBL_DISS_FLAG,-1,-1" #</Process><Process ToolSource="d:\program files\arcgis\desktop10.0\ArcToolbox\Toolboxes\Conversion Tools.tbx\TableToTable" Date="20111208" Time="091308">TableToTable D:\AndresE\missingrecord.gdb\DATA_SRC_AT_edit "Database Connections\gisco_production.sde" DATA_SRC_AT_edit # "DATA_SRC_ID "DATA_SRC_ID" true true false 4 Long 0 0 ,First,#,D:\AndresE\missingrecord.gdb\DATA_SRC_AT_edit,DATA_SRC_ID,-1,-1;SRC_NAME "SRC_NAME" true true false 180 Text 0 0 ,First,#,D:\AndresE\missingrecord.gdb\DATA_SRC_AT_edit,SRC_NAME,-1,-1;REFR_DATE "REFR_DATE" true true false 45 Text 0 0 ,First,#,D:\AndresE\missingrecord.gdb\DATA_SRC_AT_edit,REFR_DATE,-1,-1;RESO "RESO" true true false 45 Text 0 0 ,First,#,D:\AndresE\missingrecord.gdb\DATA_SRC_AT_edit,RESO,-1,-1;PUBL_DISS_FLAG "PUBL_DISS_FLAG" true true false 1 Text 0 0 ,First,#,D:\AndresE\missingrecord.gdb\DATA_SRC_AT_edit,PUBL_DISS_FLAG,-1,-1" #</Process><Process ToolSource="D:\Program Files\ArcGIS\ArcToolbox\Toolboxes\Conversion Tools.tbx\TableToTable" Date="20120220" Time="155307">TableToTable "Database Connections\GISCO Reference (Read Only) salvia.cc.cec.eu.int.sde\GISCO.DATA_SRC_AT" "J:\users\diegoce\Specific convention\Specific convention 06\04 Hydrography\tests.mdb" DATA_SRC_AT_REF # "DATA_SRC_ID 'DATA_SRC_ID' true true false 4 Long 0 10 ,First,#,Database Connections\GISCO Reference (Read Only) salvia.cc.cec.eu.int.sde\GISCO.DATA_SRC_AT,DATA_SRC_ID,-1,-1;SRC_NAME 'SRC_NAME' true true false 180 Text 0 0 ,First,#,Database Connections\GISCO Reference (Read Only) salvia.cc.cec.eu.int.sde\GISCO.DATA_SRC_AT,SRC_NAME,-1,-1;REFR_DATE 'REFR_DATE' true true false 45 Text 0 0 ,First,#,Database Connections\GISCO Reference (Read Only) salvia.cc.cec.eu.int.sde\GISCO.DATA_SRC_AT,REFR_DATE,-1,-1;RESO 'RESO' true true false 45 Text 0 0 ,First,#,Database Connections\GISCO Reference (Read Only) salvia.cc.cec.eu.int.sde\GISCO.DATA_SRC_AT,RESO,-1,-1;PUBL_DISS_FLAG 'PUBL_DISS_FLAG' true true false 1 Text 0 0 ,First,#,Database Connections\GISCO Reference (Read Only) salvia.cc.cec.eu.int.sde\GISCO.DATA_SRC_AT,PUBL_DISS_FLAG,-1,-1" # "J:\users\diegoce\Specific convention\Specific convention 06\04 Hydrography\tests.mdb\DATA_SRC_AT_REF"</Process><Process Name="Delete Rows" ToolSource="C:\Program Files (x86)\ArcGIS\Desktop10.0\ArcToolbox\Toolboxes\Data Management Tools.tbx\DeleteRows" Date="20121129" Time="153325">DeleteRows Z:\webapp\mapservices\Maps\connection-files\ACC\ACC-DIRECT-GISCO_11g.sde\GISCO.DATA_SRC_AT</Process><Process Name="Append" ToolSource="C:\Program Files (x86)\ArcGIS\Desktop10.0\ArcToolbox\Toolboxes\Data Management Tools.tbx\Append" Date="20121129" Time="155357">Append 'J:\users\diegoce\Specific convention\Specific convention 08\02 AB generalisatons\Final delivery v1.3\SC3_A2_GENERALISATION(12_09_2012).gdb\DATA_SRC_AT' Z:\webapp\mapservices\Maps\connection-files\ACC\ACC-DIRECT-GISCO_11g.sde\GISCO.DATA_SRC_AT TEST # #</Process><Process ToolSource="C:\Program Files (x86)\ArcGIS\Desktop10.0\ArcToolbox\Toolboxes\Data Management Tools.tbx\ChangePrivileges" Date="20140107" Time="122215">ChangePrivileges Z:\webapp\mapservices\Maps\connection-files\ACC\ACC-SDE-GISCO.sde\DATA_SRC_AT giscoread GRANT AS_IS</Process><Process ToolSource="C:\Program Files (x86)\ArcGIS\Desktop10.0\ArcToolbox\Toolboxes\Conversion Tools.tbx\TableToTable" Date="20141219" Time="105627">TableToTable \\s-tpol\connection-files\ACC\ACC-DIRECT-GISCO_11g.sde\GISCO.DATA_SRC_AT J:\develop\Database-Updates\PORTS\2014-DEC-PORTS_2013\PORT_2013\Data\PORT_2013.gdb DATA_SRC_AT # "DATA_SRC_ID "DATA_SRC_ID" true true false 4 Long 0 10 ,First,#,\\s-tpol\connection-files\ACC\ACC-DIRECT-GISCO_11g.sde\GISCO.DATA_SRC_AT,DATA_SRC_ID,-1,-1;SRC_NAME "SRC_NAME" true true false 180 Text 0 0 ,First,#,\\s-tpol\connection-files\ACC\ACC-DIRECT-GISCO_11g.sde\GISCO.DATA_SRC_AT,SRC_NAME,-1,-1;REFR_DATE "REFR_DATE" true true false 45 Text 0 0 ,First,#,\\s-tpol\connection-files\ACC\ACC-DIRECT-GISCO_11g.sde\GISCO.DATA_SRC_AT,REFR_DATE,-1,-1;RESO "RESO" true true false 45 Text 0 0 ,First,#,\\s-tpol\connection-files\ACC\ACC-DIRECT-GISCO_11g.sde\GISCO.DATA_SRC_AT,RESO,-1,-1;PUBL_DISS_FLAG "PUBL_DISS_FLAG" true true false 1 Text 0 0 ,First,#,\\s-tpol\connection-files\ACC\ACC-DIRECT-GISCO_11g.sde\GISCO.DATA_SRC_AT,PUBL_DISS_FLAG,-1,-1" #</Process><Process ToolSource="C:\Program Files (x86)\ArcGIS\Desktop10.0\ArcToolbox\Toolboxes\Conversion Tools.tbx\TableToTable" Date="20150114" Time="135150">TableToTable J:\develop\Database-Updates\PORTS\2014-DEC-PORTS_2013\PORT_2013\Data\PORT_2013.gdb\DATA_SRC_AT J:\develop\Database-Updates\PORTS\2014-DEC-PORTS_2013\PORT_2013_SH\Data DATA_SRC_AT.dbf # "DATA_SRC_I "DATA_SRC_ID" true true false 4 Long 0 0 ,First,#,J:\develop\Database-Updates\PORTS\2014-DEC-PORTS_2013\PORT_2013\Data\PORT_2013.gdb\DATA_SRC_AT,DATA_SRC_ID,-1,-1;SRC_NAME "SRC_NAME" true true false 180 Text 0 0 ,First,#,J:\develop\Database-Updates\PORTS\2014-DEC-PORTS_2013\PORT_2013\Data\PORT_2013.gdb\DATA_SRC_AT,SRC_NAME,-1,-1;REFR_DATE "REFR_DATE" true true false 45 Text 0 0 ,First,#,J:\develop\Database-Updates\PORTS\2014-DEC-PORTS_2013\PORT_2013\Data\PORT_2013.gdb\DATA_SRC_AT,REFR_DATE,-1,-1;RESO "RESO" true true false 45 Text 0 0 ,First,#,J:\develop\Database-Updates\PORTS\2014-DEC-PORTS_2013\PORT_2013\Data\PORT_2013.gdb\DATA_SRC_AT,RESO,-1,-1;PUBL_DISS_ "PUBL_DISS_FLAG" true true false 1 Text 0 0 ,First,#,J:\develop\Database-Updates\PORTS\2014-DEC-PORTS_2013\PORT_2013\Data\PORT_2013.gdb\DATA_SRC_AT,PUBL_DISS_FLAG,-1,-1" #</Process></lineage><itemProps><itemName Sync="TRUE">DATA_SRC_AT</itemName><imsContentType Sync="TRUE">002</imsContentType><itemLocation><linkage Sync="TRUE">file://\\s-tlar\development\develop\Database-Updates\PORTS\2014-DEC-PORTS_2013\PORT_2013_SH\Data\DATA_SRC_AT.dbf</linkage><protocol Sync="TRUE">Local Area Network</protocol></itemLocation><itemSize Sync="TRUE">0.000</itemSize></itemProps></DataProperties><ArcGISFormat>1.0</ArcGISFormat><ArcGISstyle>ISO 19139 Metadata Implementation Specification</ArcGISstyle></Esri><dataqual><lineage><procstep><procdesc Sync="TRUE">Metadata imported.</procdesc><srcused Sync="TRUE">J:\develop\metadata\GISCO.DATA_SRC_AT.xml</srcused><date Sync="TRUE">20081205</date><time Sync="TRUE">12101200</time></procstep><procstep><procdesc Sync="TRUE">Dataset copied.</procdesc><srcused Sync="TRUE">Server=anteater.cc.cec.eu.int; Service=port:5154; User=gisco; Version=SDE.DEFAULT</srcused><procdate Sync="TRUE">20090217</procdate><proctime Sync="TRUE">09224100</proctime></procstep><procstep><procdesc Sync="TRUE">Dataset copied.</procdesc><srcused Sync="TRUE">\\D02DI0616275\E\WorkSpace\GISCODBBackups\20090216_FULL_DEV_BeforeReinstall_RasterIncluded\20090216_DEV.gdb</srcused><procdate Sync="TRUE">20090220</procdate><proctime Sync="TRUE">17210500</proctime></procstep><procstep><procdesc Sync="TRUE">Metadata imported.</procdesc><srcused Sync="TRUE">J:\develop\metadata\20091125-DEV-Contract5\GISCO.DATA_SRC_AT.xml</srcused><procdate Sync="TRUE">20091126</procdate><proctime Sync="TRUE">10310300</proctime></procstep></lineage></dataqual><idinfo><citation><citeinfo><onlink Sync="TRUE">\\s-sisko\gisco\users\diegoce\Specific convention\Specific convention 06\04 Hydrography\tests.mdb</onlink><origin>REQUIRED: The name of an organization or individual that developed the data set.</origin><pubdate>REQUIRED: The date when the data set is published or otherwise made available for release.</pubdate><title Sync="TRUE">DATA_SRC_AT_REF</title><ftname Sync="TRUE">DATA_SRC_AT_REF</ftname><geoform Sync="TRUE">tabular digital data</geoform></citeinfo></citation><native Sync="TRUE">Microsoft Windows XP Version 5.1 (Build 2600) Service Pack 3; ESRI ArcCatalog 9.3.1.4000</native><descript><langdata Sync="TRUE">en</langdata><abstract>REQUIRED: A brief narrative summary of the data set.</abstract><purpose>REQUIRED: A summary of the intentions with which the data set was developed.</purpose></descript><timeperd><current>REQUIRED: The basis on which the time period of content information is determined.</current><timeinfo><sngdate><caldate>REQUIRED: The year (and optionally month, or month and day) for which the data set corresponds to the ground.</caldate></sngdate></timeinfo></timeperd><status><progress>REQUIRED: The state of the data set.</progress><update>REQUIRED: The frequency with which changes and additions are made to the data set after the initial data set is completed.</update></status><spdom><bounding><westbc Sync="TRUE">REQUIRED: Western-most coordinate of the limit of coverage expressed in longitude.</westbc><eastbc Sync="TRUE">REQUIRED: Eastern-most coordinate of the limit of coverage expressed in longitude.</eastbc><northbc Sync="TRUE">REQUIRED: Northern-most coordinate of the limit of coverage expressed in latitude.</northbc><southbc Sync="TRUE">REQUIRED: Southern-most coordinate of the limit of coverage expressed in latitude.</southbc></bounding></spdom><keywords><theme><themekt>REQUIRED: Reference to a formally registered thesaurus or a similar authoritative source of theme keywords.</themekt><themekey>REQUIRED: Common-use word or phrase used to describe the subject of the data set.</themekey></theme></keywords><accconst>REQUIRED: Restrictions and legal prerequisites for accessing the data set.</accconst><useconst>REQUIRED: Restrictions and legal prerequisites for using the data set after access is granted.</useconst><natvform Sync="TRUE">Personal GeoDatabase Table</natvform></idinfo><metainfo><langmeta Sync="TRUE">en</langmeta><metstdn Sync="TRUE">FGDC Content Standards for Digital Geospatial Metadata</metstdn><metstdv Sync="TRUE">FGDC-STD-001-1998</metstdv><mettc Sync="TRUE">local time</mettc><metc><cntinfo><cntorgp><cntper>REQUIRED: The person responsible for the metadata information.</cntper><cntorg>REQUIRED: The organization responsible for the metadata information.</cntorg></cntorgp><cntaddr><addrtype>REQUIRED: The mailing and/or physical address for the organization or individual.</addrtype><city>REQUIRED: The city of the address.</city><state>REQUIRED: The state or province of the address.</state><postal>REQUIRED: The ZIP or other postal code of the address.</postal></cntaddr><cntvoice>REQUIRED: The telephone number by which individuals can speak to the organization or individual.</cntvoice></cntinfo></metc><metd Sync="TRUE">20120220</metd></metainfo><mdStanName Sync="TRUE">ISO 19115 Geographic Information - Metadata</mdStanName><mdStanVer Sync="TRUE">DIS_ESRI1.0</mdStanVer><mdHrLv><ScopeCd Sync="TRUE" value="007"></ScopeCd></mdHrLv><mdHrLvName Sync="TRUE">dataset</mdHrLvName><distinfo><resdesc Sync="TRUE">Downloadable Data</resdesc></distinfo></metadata>
