<metadata><mdLang><countryCode value="GBR" Sync="TRUE"/><languageCode value="eng"/></mdLang><mdChar Sync="TRUE"><CharSetCd value="004"/></mdChar><mdHrLv2>dataset</mdHrLv2><mdHrLvName2 Sync="TRUE">Geodatabase attribute table</mdHrLvName2><mdContact xmlns=""><rpOrgName>European Commission, Eurostat (ESTAT), GISCO</rpOrgName><rpCntInfo><cntAddress addressType=""><eMailAdd>estat-gisco@ec.europa.eu</eMailAdd></cntAddress></rpCntInfo></mdContact><mdDateSt>20091006</mdDateSt><mdStanName2>  ISO19115:2003  </mdStanName2><mdStanVer2>  GISCO 1.2.0  </mdStanVer2><dataSetURI Sync="TRUE">Server=musk.cc.cec.eu.int; Service=port:5153; User=giscoread; Version=SDE.DEFAULT</dataSetURI><spatRepInfo><VectSpatRep><topLvl><TopoLevCd value="001"/></topLvl><geometObjs Name="GISCO.PORT_RG_2009"><geoObjTyp><GeoObjTypCd value="001"/></geoObjTyp><geoObjCnt>604</geoObjCnt></geometObjs><geometObjs Name="GISCO.PORT_PT_2009"><geoObjTyp><GeoObjTypCd value="004"/></geoObjTyp><geoObjCnt>2201</geoObjCnt></geometObjs></VectSpatRep></spatRepInfo><refSysInfo><refSysId><identCode>ETRS89</identCode></refSysId><RefSystem><refSysID><identCode>ETRS89</identCode></refSysID></RefSystem></refSysInfo><dataIdInfo><idCitation><resTitle>GISCO.PORT_AT_2013</resTitle><resAltTitle>GISCO.PORT_AT_2009</resAltTitle><resRefDate><refDate>20091005</refDate><refDateType><DateTypCd value="001"/></refDateType></resRefDate><resRefDate><refDate>20091101</refDate><refDateType><DateTypCd value="002"/></refDateType></resRefDate><resRefDate><refDate>20101025</refDate><refDateType><DateTypCd value="003"/></refDateType></resRefDate><resEdDate>20091005</resEdDate><citRespParty><rpOrgName>Eurostat GISCO - European Commission</rpOrgName><rpCntInfo><cntPhone><voiceNum>+352 4301 32076</voiceNum><faxNum>+352 4301 34029</faxNum></cntPhone><cntAddress><delPoint>5, rue Alphonse Weicker</delPoint><city>Luxembourg</city><adminArea>Luxembourg</adminArea><postCode>2721</postCode><eMailAdd>estat-gisco@ec.europa.eu</eMailAdd><country>lu</country></cntAddress></rpCntInfo><role><RoleCd value="006"/></role></citRespParty><citRespParty><rpOrgName>Lovell Johns Ltd.</rpOrgName><rpCntInfo><cntPhone><voiceNum>+44 1993 883 161</voiceNum><faxNum>+44 1993 883 096</faxNum></cntPhone><cntAddress><delPoint>10 Hanborough Business Park</delPoint><city>Long Hanborough</city><adminArea>Witney</adminArea><postCode>OX29 8RU</postCode><eMailAdd>enquiries@lovelljohns.com</eMailAdd><country>gb</country></cntAddress></rpCntInfo><role><RoleCd value="009"/></role></citRespParty><citRespParty><rpOrgName>Abaco Srl</rpOrgName><rpCntInfo><cntPhone><voiceNum>+39 0376 222 181</voiceNum><faxNum>+39 0376 222 182</faxNum></cntPhone><cntAddress><delPoint>Corso Umberto I, 43</delPoint><city>Mantova</city><adminArea>Mantova</adminArea><postCode>46100</postCode><eMailAdd>info@abacogroup.eu</eMailAdd><country>it</country></cntAddress></rpCntInfo><role><RoleCd value="009"/></role></citRespParty><presForm><PresFormCd value="011" Sync="TRUE"/></presForm><date><pubDate>20141211</pubDate></date></idCitation><idAbs>&lt;DIV STYLE="text-align:Left;"&gt;&lt;DIV&gt;&lt;DIV&gt;&lt;P&gt;&lt;SPAN&gt;This dataset should be bibliographically referred to as the “GISCO Ports &lt;/SPAN&gt;&lt;SPAN&gt;2013&lt;/SPAN&gt;&lt;SPAN&gt;dataset”. It contains &lt;/SPAN&gt;&lt;SPAN&gt;one point &lt;/SPAN&gt;&lt;SPAN&gt;feature classes with the location of 2&lt;/SPAN&gt;&lt;SPAN&gt;440&lt;/SPAN&gt;&lt;SPAN&gt;pan-European ports, plus one attribute table and 3 domain tables. The ports are identified following the UN Locode list. The dataset is based on the list “Ports Estat &lt;/SPAN&gt;&lt;SPAN&gt;2010&lt;/SPAN&gt;&lt;SPAN&gt;” from Eurostat&lt;/SPAN&gt;&lt;SPAN&gt;. &lt;/SPAN&gt;&lt;SPAN&gt;Point coordinates and Locodes are derived from several input sources, including ports lists from EMSA, Lloyds, Norie’s Seaports of the World, the GISCO Ports 20&lt;/SPAN&gt;&lt;SPAN&gt;10&lt;/SPAN&gt;&lt;SPAN&gt;dataset and the UN/LOCODE 2007 list. Attributes in PORT_AT_20&lt;/SPAN&gt;&lt;SPAN&gt;13&lt;/SPAN&gt;&lt;SPAN&gt;include the port name, Locode Status Indicator, and reliability flags for the positional and Locode accuracy. Dataset coverage is &lt;/SPAN&gt;&lt;SPAN&gt;global&lt;/SPAN&gt;&lt;SPAN&gt;. ---------- Extensions of PORT_20&lt;/SPAN&gt;&lt;SPAN&gt;10&lt;/SPAN&gt;&lt;SPAN&gt; &lt;/SPAN&gt;&lt;SPAN&gt;and upgrade of location&lt;/SPAN&gt;&lt;SPAN&gt;based on list ofnew ports and those to be removed provided by Eurostat unit B4&lt;/SPAN&gt;&lt;SPAN&gt;. This clasification was created based on the statistical information about the ports. They have been classificated based on the annual number of passangers and the handling tonnage.&lt;/SPAN&gt;&lt;/P&gt;&lt;P&gt;&lt;SPAN /&gt;&lt;/P&gt;&lt;P&gt;&lt;SPAN&gt;The New records added in PORT_AT_2010are provided from EUROSTAT. 73 new ports added, 38 ports removed&lt;/SPAN&gt;&lt;/P&gt;&lt;/DIV&gt;&lt;/DIV&gt;&lt;/DIV&gt;</idAbs><idPurp>The dataset has been created for cartographic purposes and for appropriate analysis. Port statistics can be geo-referenced to this high quality pan-European dataset, especially when based on UN Locode.

--------
Extensions of PORT_2009 and upgrade of location</idPurp><idStatus>completed</idStatus><descKeys KeyTypCd="002"><keyTyp><KeyTypCd value="002"/></keyTyp><keyword>Europe</keyword><keyword>World</keyword></descKeys><descKeys KeyTypCd="005"><keyTyp><KeyTypCd value="005"/></keyTyp><keyword>European transportation</keyword><keyword>Ferry links</keyword><keyword>Harbours</keyword><keyword>Quays</keyword><keyword>Shipping</keyword><keyword>Transport networks</keyword></descKeys><descKeys KeyTypCd="005"><keyTyp><KeyTypCd value="005"/></keyTyp><keyword>Ports</keyword><thesaName><resTitle>Directive 2007/2/EC of the European Parliament and of the Council of 14 March 2007 establishing an Infrastructure for Spatial Information in the European Community (INSPIRE)</resTitle><resRefDate><refDate>20070314</refDate><refDateType><DateTypCd value="002"/></refDateType></resRefDate></thesaName></descKeys><resConst><Consts><useLimit>The datasets have been created for cartographic purposes. Not to be used for navigation.</useLimit></Consts></resConst><resConst><LegConsts><useConsts><RestrictCd value="001"/></useConsts><othConsts>Usage of data is public</othConsts><othConsts>Source should be acknowledged: "Source: GISCO - Eurostat (European Commission)"</othConsts></LegConsts></resConst><spatRpType><spatRepTypCd value="001"/><SpatRepTypCd value="003" Sync="TRUE"></SpatRepTypCd></spatRpType><dataScale xmlns=""><equScale><rfDenom>100000</rfDenom></equScale></dataScale><dataChar><CharSetCd value="004"/></dataChar><dataLang><countryCode value="GBR" Sync="TRUE"/><languageCode value="eng" Sync="TRUE"/></dataLang><dataExt xmlns=""><tempEle><TempExtent><exTemp><TM_GeometricPrimitive><TM_Period><begin Sync="True">19990101</begin><end Sync="True">20090921</end></TM_Period></TM_GeometricPrimitive></exTemp></TempExtent></tempEle></dataExt><envirDesc Sync="TRUE">Microsoft Windows 7 Version 6.1 (Build 7601) Service Pack 1; ESRI ArcGIS 10.0.5.4400</envirDesc><themeKeys xmlns=""><thesaName xmlns=""><resTitle>GEMET - INSPIRE themes, version 1.0</resTitle><date><pubDate>2008-01-06T00:00:00</pubDate></date></thesaName><keyword>Transport networks</keyword></themeKeys><idPoC xmlns=""><rpOrgName>European Commission, Eurostat (ESTAT), GISCO</rpOrgName><rpCntInfo><cntAddress addressType=""><eMailAdd>estat-gisco@ec.europa.eu</eMailAdd></cntAddress></rpCntInfo></idPoC><tpCat><TopicCatCd value="018"/></tpCat></dataIdInfo><distInfo><distributor><distorCont><rpIndName>Eurostat GISCO</rpIndName><rpOrgName>Eurostat GISCO - European Commission (EC)</rpOrgName><rpPosName>Responsible of reference geodatabase for the EC</rpPosName><rpCntInfo><cntPhone><voiceNum>+352 4301 32076</voiceNum><faxNum>+352 4301 34029</faxNum></cntPhone><cntAddress><delPoint>5, rue Alphonse Weicker</delPoint><city>Luxembourg</city><adminArea>Luxembourg</adminArea><postCode>2721</postCode><eMailAdd>estat-gisco@ec.europa.eu</eMailAdd><country>lu</country></cntAddress></rpCntInfo><role><RoleCd value="005"/></role></distorCont><distorFormat><formatName>SDE Table</formatName><formatVer>9.3</formatVer></distorFormat><distorTran><onLineSrc><linkage>file://\\S-TROI\GISCO-DB-Backups\20100210_FULL_PROD_C5\20100210_FULL_PROD.gdb</linkage><orDesc>002</orDesc><orFunct><OnFunctCd value="001"/></orFunct></onLineSrc></distorTran></distributor><distFormat><formatName Sync="TRUE">dBASE Table</formatName></distFormat><distTranOps><transSize Sync="TRUE">0.000</transSize></distTranOps></distInfo><dqInfo><dataLineage><statement>Port names and Locodes were mainly taken from the Eurostat list "Ports Estat 2010", or the UN/LOCODE 2007 list. This dataset is an update of the 2009 dataset with additional ports added and some removed.  No polygon data hsa been supllied with this version


Point location sources were, in decreasing order of preference:
1. European Maritime Safety Agency (EMSA) list of ports by calls
2. Lloyds MIU list of European ports
3. GISCO Ports 2009 dataset (PORT_2009). This was derived from some of the same sources used for this dataset, plus Norie’s Seaports of the World list (in Norie’s Nautical Tables, Imray, 2007)
4. UN/LOCODE 2007 list (UNECE, 2007)
5. List of additions and removals supplied by Unit B4 in Eurostat



Many of the processing steps included some manual matching, editing or checking steps to improve data quality. Reference sources used included port organisation websites, online port lists, and aerial imagery. The busiest 60 ports according to the "EU Energy and Transport in Figures: Statistical Pocketbook 2009" were visually checked against input and reference sources. Effort was also focussed on Eurostat statistical ports. All matching steps included manual checks of join tables or the spatial data to help overcome naming or conceptual differences between sources. Some expected errors were manually fixed.

LOCD_STTS_CODE port attributes derived from UN/LOCODE 2007, and LOCD_STTS_DOM table copied from the StatusIndicator table of the UN database. PORT_COOR_RELI_CODE positional reliability attributes were calculated for port points based on the process for reaching the final point coordinate. PORT_LOCD_RELI_CODE attributes were derived depending on the port’s proximity to settlement features that verify the port name (and hence Locode). TEN_CODE and PROC_TEN_CODE attributes provided by GISCO. STAT_PORT_CODE and REMK are Eurostat attributes from the "Ports Estat 2010" list.  
Extensions of PORT_2010 and upgrade of location
The New records added in PORT_AT_2010are provided from EUROSTAT. 73 new ports added, 38 ports removed
</statement><prcStep><description>Create Working Ports Polygon dataset with Names Assigned: Ports polygons created from CLC2000 + ERM HarbourA. Names allocated from STTL_RG_250K_V3 by intersect or 200m buffer and intersect. Visual checks where port overlays several settlements. Preparation of point data sources, such as conversion of lists with coordinate attributes into point datasets.

Allocate LOCODEs to Named Port Polygons: Removal of ERM geometry where polygons from both sources. Dissolve to create multipart PORT_RG. Match named RG to PT datasets within 1 arc minute based on location and name coincidence (fuzzy matching with Levenshtein algorithm). Automated selection steps, in order of source confidence, then visual matching. Join remaining unmatched RG to UN list by name to allocate LOCODEs where possible.

Allocate LOCODEs to Unnamed Port Polygons: Match unnamed PL to PT with 1 arc minute based on location. Automated steps in order of source confidence, but not where disagreement between point sources. Visual matching step.

Create First instance of PORT_2009 Dataset: Manual correction of known errors. Creation of single PORT_RG dataset with unique Locodes. First PORT_PT dataset created from source points that had been matched to RG. Points outside the RG or the land moved to Near point 10m inside the inland port polygon relative to CNTR_RG_100K_2006. Where no source PT feature, new PT created inside RG at or near centroid. Port name attributes filled from input sources in priority order.

Add Port Points with no Polygon: Unused port points selected from GISCO_PT_2008 and EMSA where the Locode is not already used in the working ports dataset. Some new points also created for ports added to the Estat list since 2008 but not yet represented. Matching unused port points to STTL_V3, again based on proximity (within 1 arc minute) and fuzzy name matches. PT matched to but outside STTL_RG were moved just inside RG. PT matched to STTL_PT (but not to STTL_RG) were moved to the settlement location.  Any new offshore PORT_PT were moved inland relative to CNTR_RG_100K_2006

Complete Attribution, Tables and Checking: Deletion of some points with incorrect Locode. Check PORT_PT don’t overlay unused port polygons. Attributes completed and domain tables created. Visual checks of busiest EU ports. Check against Estat lists of deleted ports. Checks of polygons overlapping several points, to ensure the polygon was linked to the point for the most important port.

-----
Extensions of PORT_2009 and upgrade
Have been added the new worldwide ports provided by EUROSTAT;
Join the clasification port list with PORT_AT_2009 with the UN/LOCODE to populated the new field PORT_HIER_CODE;
Corrected the Attributes and some LOCODEs</description></prcStep><dataSource><srcDesc>Eurostat “Ports Estat 2009” list; CLC2000 vector dataset; ERM v3.0 HarbourA dataset; GISCO STTL_V3 dataset (from ERM v3.0); UN/LOCODE 2007 list; GISCO Ports 2008 dataset; EMSA list of ports by calls; Lloyds MIU list of European ports; Norie’s Seaports of the World list; internet reference sources
------
Extensions of PORT_2009 and upgrade of location.
GISCO Ports 2009 dataset; Reference_ports_EXTRA_EU.xls by EUROSTAT; 2009-2 UNLOCODE CodeList.mdb by UNECERussian ports.xls by EUROSTAT; World Port Index (WPI.shp) by NGA_National Geospatial-Intelligence Agency; World Ports(world_ports.shp) by Hofstra University; RWDB2 Ports and Harbours (RWDB_Port.shp) by FAO ; ICEDS (http://iceds.ge.ucl.ac.uk/) (Integrated CEOS European Data Server) WMS; ESRI_Imagery_World_2D (WEB SERVICES) by ESRI; 

</srcDesc></dataSource></dataLineage><DQConcConsis><measName>Completeness of Dataset</measName><measId><codeSpace>INSPIRE</codeSpace></measId><measDesc>All feature classes and attribute tables should be present</measDesc><evalMethDesc>Re-application of schema to dataset</evalMethDesc><measDateTm>20090929</measDateTm><ConResult><conSpec><resRefDate><refDate>00010101</refDate></resRefDate></conSpec><conExpl>All feature classes and attribute tables are present</conExpl><conPass>true</conPass></ConResult></DQConcConsis><DQDomConsis><measName>Referential Integrity of Dataset</measName><measId><codeSpace>INSPIRE</codeSpace></measId><measDesc>The integrity and cardinality of the relationships (conceptual and implemented) were checked by enforcing primary and foreign key integrity constraints in Oracle. The constraints referencing domain tables were a test of domain consistency.</measDesc><evalMethDesc>Errors during creation of integrity constraints.</evalMethDesc><measDateTm>20090929</measDateTm><ConResult><conSpec><resRefDate><refDate>00010101</refDate></resRefDate></conSpec><conExpl>No errors occurred, so the integrity of all primary and foreign keys was confirmed. All coded values are compliant to the relevant domains (except for any NULL values). The cardinality can only be confirmed where it is strict enough for this test to detect errors.</conExpl><conPass>true</conPass></ConResult></DQDomConsis><DQConcConsis><measName>Semantic consistency of Port IDs</measName><measId><codeSpace>INSPIRE</codeSpace></measId><measDesc>CNTR_CODE must be coincident to the first two character of PORT_ID except for GB, GF, GP, MQ, RE, XC and XL.</measDesc><evalMethDesc>SQL query</evalMethDesc><measDateTm>20090929</measDateTm><ConResult><conSpec><resRefDate><refDate>00010101</refDate></resRefDate></conSpec><conExpl>Only the valid exceptions were returned by the query, so otherwise the dataset conforms to this rule</conExpl><conPass>true</conPass></ConResult></DQConcConsis><DQTopConsis><measName>Consistency within Port region dataset</measName><measId><codeSpace>INSPIRE</codeSpace></measId><measDesc>Port regions must not overlap.</measDesc><evalMethDesc>Topology rule validation (cluster tolerance 0.000000000000177635683941 degrees)</evalMethDesc><measDateTm>20090929</measDateTm><ConResult><conSpec><resRefDate><refDate>00010101</refDate></resRefDate></conSpec><conExpl>No errors were found, so port regions do not overlap</conExpl><conPass>true</conPass></ConResult></DQTopConsis><DQTopConsis><measName>Consistency between Port points and regions</measName><measId><codeSpace>INSPIRE</codeSpace></measId><measDesc>Every Port region must cover a Port point with the same PORT_ID</measDesc><evalMethDesc>Spatial join and Selection</evalMethDesc><measDateTm>20090929</measDateTm><ConResult><conSpec><resRefDate><refDate>00010101</refDate></resRefDate></conSpec><conExpl>No errors were found, so all Port regions contain a Port point with the same PORT_ID</conExpl><conPass>true</conPass></ConResult></DQTopConsis><DQTopConsis><measName>Consistency between Port points and Country regions</measName><measId><codeSpace>INSPIRE</codeSpace></measId><measDesc>Every Port point must be properly inside a polygon in CNTR_RG_100K_2006 with the same country code.</measDesc><evalMethDesc>Spatial join and Selection</evalMethDesc><measDateTm>20090929</measDateTm><ConResult><conSpec><resRefDate><refDate>00010101</refDate></resRefDate></conSpec><conExpl>No errors were found so all Port points are located inside a CNTR_2006 Country region with the same code</conExpl><conPass>true</conPass></ConResult></DQTopConsis></dqInfo><eainfo><detailed Name="PORT_AT_2013" xmlns=""><enttyp><enttypl Sync="TRUE">PORT_AT_2013</enttypl><enttypd>Ports attribute table</enttypd><enttypt Sync="TRUE">Table</enttypt><enttypc Sync="TRUE">0</enttypc></enttyp><attr><attrlabl Sync="TRUE">OID</attrlabl><attalias Sync="TRUE">OID</attalias><attrtype Sync="TRUE">OID</attrtype><attwidth Sync="TRUE">4</attwidth><atprecis Sync="TRUE">0</atprecis><attscale Sync="TRUE">0</attscale><attrdef Sync="TRUE">Internal feature number.</attrdef><attrdefs Sync="TRUE">ESRI</attrdefs><attrdomv><udom Sync="TRUE">Sequential unique whole numbers that are automatically generated.</udom></attrdomv></attr><attr xmlns=""><attrtype Sync="TRUE">String</attrtype><attrlabl>PORT_ID</attrlabl><attrdef>Primary key. Locode port identification code.</attrdef><attrdefs>GISCO</attrdefs><attwidth Sync="TRUE">5</attwidth><atprecis Sync="TRUE">0</atprecis><attscale Sync="TRUE">0</attscale><attalias Sync="TRUE">PORT_ID</attalias></attr><attr xmlns=""><attrtype Sync="TRUE">String</attrtype><attrlabl>CNTR_CODE</attrlabl><attrdef>Country code (ISO-3166-1). Conceptual foreign key to CNTR_AT.</attrdef><attrdefs>GISCO</attrdefs><attwidth Sync="TRUE">2</attwidth><atprecis Sync="TRUE">0</atprecis><attscale Sync="TRUE">0</attscale><attalias Sync="TRUE">CNTR_CODE</attalias></attr><attr xmlns=""><attrtype Sync="TRUE">String</attrtype><attrlabl>PORT_NAME</attrlabl><attrdef>Name of the feature in national language.</attrdef><attrdefs>GISCO</attrdefs><attwidth Sync="TRUE">100</attwidth><atprecis Sync="TRUE">0</atprecis><attscale Sync="TRUE">0</attscale><attalias Sync="TRUE">PORT_NAME</attalias></attr><attr xmlns=""><attrtype Sync="TRUE">String</attrtype><attrlabl>NAME_ASCI</attrlabl><attrdef>Name of the feature in national language with ASCII characters.</attrdef><attrdefs>GISCO</attrdefs><attwidth Sync="TRUE">100</attwidth><atprecis Sync="TRUE">0</atprecis><attscale Sync="TRUE">0</attscale><attalias Sync="TRUE">NAME_ASCI</attalias></attr><attr xmlns=""><attrtype Sync="TRUE">String</attrtype><attrlabl>NAME_HTML</attrlabl><attrdef>Name of the feature in national language for HTML display.</attrdef><attrdefs>GISCO</attrdefs><attwidth Sync="TRUE">250</attwidth><atprecis Sync="TRUE">0</atprecis><attscale Sync="TRUE">0</attscale><attalias Sync="TRUE">NAME_HTML</attalias></attr><attr><attrlabl Sync="TRUE">LOCD_STTS_</attrlabl><attalias Sync="TRUE">LOCD_STTS_</attalias><attrtype Sync="TRUE">String</attrtype><attwidth Sync="TRUE">2</attwidth><atprecis Sync="TRUE">0</atprecis><attscale Sync="TRUE">0</attscale></attr><attr><attrlabl Sync="TRUE">PORT_LOCD_</attrlabl><attalias Sync="TRUE">PORT_LOCD_</attalias><attrtype Sync="TRUE">String</attrtype><attwidth Sync="TRUE">1</attwidth><atprecis Sync="TRUE">0</atprecis><attscale Sync="TRUE">0</attscale></attr><attr xmlns=""><attrtype Sync="TRUE">String</attrtype><attrlabl>REMK</attrlabl><attrdef>Remark from Eurostat Ports 2009 list.</attrdef><attrdefs>GISCO</attrdefs><attwidth Sync="TRUE">254</attwidth><atprecis Sync="TRUE">0</atprecis><attscale Sync="TRUE">0</attscale><attalias Sync="TRUE">REMK</attalias></attr><attr><attrlabl Sync="TRUE">STAT_PORT_</attrlabl><attalias Sync="TRUE">STAT_PORT_</attalias><attrtype Sync="TRUE">String</attrtype><attwidth Sync="TRUE">11</attwidth><atprecis Sync="TRUE">0</atprecis><attscale Sync="TRUE">0</attscale></attr><attr xmlns=""><attrtype Sync="TRUE">Double</attrtype><attrlabl>TEN_CODE</attrlabl><attrdef>Trans-European transport Network code.</attrdef><attrdefs>GISCO</attrdefs><attwidth Sync="TRUE">10</attwidth><atprecis Sync="TRUE">10</atprecis><attscale Sync="TRUE">0</attscale><attalias Sync="TRUE">TEN_CODE</attalias></attr><attr><attrlabl Sync="TRUE">PROC_TEN_C</attrlabl><attalias Sync="TRUE">PROC_TEN_C</attalias><attrtype Sync="TRUE">String</attrtype><attwidth Sync="TRUE">20</attwidth><atprecis Sync="TRUE">0</atprecis><attscale Sync="TRUE">0</attscale></attr><attr><attrlabl Sync="TRUE">PORT_HIER_</attrlabl><attalias Sync="TRUE">PORT_HIER_</attalias><attrtype Sync="TRUE">Double</attrtype><attwidth Sync="TRUE">10</attwidth><atprecis Sync="TRUE">10</atprecis><attscale Sync="TRUE">0</attscale></attr><attr xmlns=""><attrlabl Sync="TRUE">NUTS_CODE</attrlabl><attalias Sync="TRUE">NUTS_CODE</attalias><attrtype Sync="TRUE">String</attrtype><attwidth Sync="TRUE">5</attwidth><atprecis Sync="TRUE">0</atprecis><attscale Sync="TRUE">0</attscale></attr></detailed><detailed Name="PORT_PT_2009_AT" xmlns=""><enttyp><enttypl>PORT_PT_2013</enttypl></enttyp></detailed></eainfo><Esri><CreaDate>20141209</CreaDate><CreaTime>12204900</CreaTime><SyncOnce>FALSE</SyncOnce><SyncDate>20150429</SyncDate><SyncTime>15450600</SyncTime><ModDate>20150429</ModDate><ModTime>15450600</ModTime><ArcGISFormat>1.0</ArcGISFormat><ArcGISstyle>GISCO Metadata Editor 2012</ArcGISstyle><DataProperties><itemProps><itemLocation><linkage Sync="TRUE">file://\\s-tlar\development\develop\Database-Updates\PORTS\2015-MAR-PORTS_2013_update\PORT_2013_SH\Data\PORT_AT_2013.dbf</linkage><protocol Sync="TRUE">Local Area Network</protocol></itemLocation><itemName Sync="TRUE">PORT_AT_2013</itemName><imsContentType Sync="TRUE">002</imsContentType><itemSize Sync="TRUE">0.000</itemSize></itemProps><lineage><Process ToolSource="c:\program files (x86)\arcgis\desktop10.1\ArcToolbox\Toolboxes\Data Management Tools.tbx\ChangePrivileges" Date="20150114" Time="161004">ChangePrivileges \\s-tpol\connection-files\PROD\PROD-DIRECT-GISCO_11g.sde\GISCO.PORT_AT_2013 GISCOREAD GRANT AS_IS</Process><Process ToolSource="c:\program files (x86)\arcgis\desktop10.1\ArcToolbox\Toolboxes\Data Management Tools.tbx\ChangePrivileges" Date="20150114" Time="161013">ChangePrivileges \\s-tpol\connection-files\PROD\PROD-DIRECT-GISCO_11g.sde\GISCO.PORT_AT_2013 GISCOVIEW GRANT AS_IS</Process><Process ToolSource="C:\Program Files (x86)\ArcGIS\Desktop10.0\ArcToolbox\Toolboxes\Conversion Tools.tbx\TableToTable" Date="20150429" Time="154507">TableToTable \\s-tpol\connection-files\PROD\PROD-DIRECT-GISCOREAD_11g.sde\GISCO.PORT_AT_2013 J:\develop\Database-Updates\PORTS\2015-MAR-PORTS_2013_update\PORT_2013_SH\Data PORT_AT_2013.dbf # "PORT_ID "PORT_ID" true true false 5 Text 0 0 ,First,#,\\s-tpol\connection-files\PROD\PROD-DIRECT-GISCOREAD_11g.sde\GISCO.PORT_AT_2013,PORT_ID,-1,-1;CNTR_CODE "CNTR_CODE" true true false 2 Text 0 0 ,First,#,\\s-tpol\connection-files\PROD\PROD-DIRECT-GISCOREAD_11g.sde\GISCO.PORT_AT_2013,CNTR_CODE,-1,-1;PORT_NAME "PORT_NAME" true true false 100 Text 0 0 ,First,#,\\s-tpol\connection-files\PROD\PROD-DIRECT-GISCOREAD_11g.sde\GISCO.PORT_AT_2013,PORT_NAME,-1,-1;NAME_ASCI "NAME_ASCI" true true false 100 Text 0 0 ,First,#,\\s-tpol\connection-files\PROD\PROD-DIRECT-GISCOREAD_11g.sde\GISCO.PORT_AT_2013,NAME_ASCI,-1,-1;NAME_HTML "NAME_HTML" true true false 250 Text 0 0 ,First,#,\\s-tpol\connection-files\PROD\PROD-DIRECT-GISCOREAD_11g.sde\GISCO.PORT_AT_2013,NAME_HTML,-1,-1;LOCD_STTS_ "LOCD_STTS_CODE" true true false 2 Text 0 0 ,First,#,\\s-tpol\connection-files\PROD\PROD-DIRECT-GISCOREAD_11g.sde\GISCO.PORT_AT_2013,LOCD_STTS_CODE,-1,-1;PORT_LOCD_ "PORT_LOCD_RELI_CODE" true true false 1 Text 0 0 ,First,#,\\s-tpol\connection-files\PROD\PROD-DIRECT-GISCOREAD_11g.sde\GISCO.PORT_AT_2013,PORT_LOCD_RELI_CODE,-1,-1;REMK "REMK" true true false 255 Text 0 0 ,First,#,\\s-tpol\connection-files\PROD\PROD-DIRECT-GISCOREAD_11g.sde\GISCO.PORT_AT_2013,REMK,-1,-1;STAT_PORT_ "STAT_PORT_CODE" true true false 11 Text 0 0 ,First,#,\\s-tpol\connection-files\PROD\PROD-DIRECT-GISCOREAD_11g.sde\GISCO.PORT_AT_2013,STAT_PORT_CODE,-1,-1;TEN_CODE "TEN_CODE" true true false 4 Long 0 10 ,First,#,\\s-tpol\connection-files\PROD\PROD-DIRECT-GISCOREAD_11g.sde\GISCO.PORT_AT_2013,TEN_CODE,-1,-1;PROC_TEN_C "PROC_TEN_CODE" true true false 20 Text 0 0 ,First,#,\\s-tpol\connection-files\PROD\PROD-DIRECT-GISCOREAD_11g.sde\GISCO.PORT_AT_2013,PROC_TEN_CODE,-1,-1;PORT_HIER_ "PORT_HIER_ID" true true false 4 Long 0 10 ,First,#,\\s-tpol\connection-files\PROD\PROD-DIRECT-GISCOREAD_11g.sde\GISCO.PORT_AT_2013,PORT_HIER_ID,-1,-1;NUTS_CODE "NUTS_CODE" true true false 5 Text 0 0 ,First,#,\\s-tpol\connection-files\PROD\PROD-DIRECT-GISCOREAD_11g.sde\GISCO.PORT_AT_2013,NUTS_CODE,-1,-1" #</Process></lineage></DataProperties><ArcGISProfile>INSPIRE</ArcGISProfile></Esri><idinfo><native Sync="TRUE">Microsoft Windows Vista Version 6.1 (Build 7600) ; ESRI ArcCatalog 9.3.1.3000</native><descript><langdata Sync="TRUE">it</langdata><abstract>REQUIRED: A brief narrative summary of the data set.</abstract><purpose>REQUIRED: A summary of the intentions with which the data set was developed.</purpose></descript><citation><citeinfo><origin>REQUIRED: The name of an organization or individual that developed the data set.</origin><pubdate>REQUIRED: The date when the data set is published or otherwise made available for release.</pubdate><title Sync="TRUE">PORT_AT_2009</title><ftname Sync="TRUE">PORT_AT_2009</ftname><geoform Sync="TRUE">tabular digital data</geoform><onlink Sync="TRUE">\\TOSTAPANE\Condivisa\budi\EUROSTAT\work\Act#2\TASK_B\SC1_ACT2_MART_V1_PORTS(single)\MART_V1_PORTS(11_01_2011).gdb</onlink></citeinfo></citation><timeperd><current>REQUIRED: The basis on which the time period of content information is determined.</current><timeinfo><sngdate><caldate>REQUIRED: The year (and optionally month, or month and day) for which the data set corresponds to the ground.</caldate></sngdate></timeinfo></timeperd><status><progress>REQUIRED: The state of the data set.</progress><update>REQUIRED: The frequency with which changes and additions are made to the data set after the initial data set is completed.</update></status><spdom><bounding><westbc Sync="TRUE">REQUIRED: Western-most coordinate of the limit of coverage expressed in longitude.</westbc><eastbc Sync="TRUE">REQUIRED: Eastern-most coordinate of the limit of coverage expressed in longitude.</eastbc><northbc Sync="TRUE">REQUIRED: Northern-most coordinate of the limit of coverage expressed in latitude.</northbc><southbc Sync="TRUE">REQUIRED: Southern-most coordinate of the limit of coverage expressed in latitude.</southbc></bounding></spdom><keywords><theme><themekt>REQUIRED: Reference to a formally registered thesaurus or a similar authoritative source of theme keywords.</themekt><themekey>REQUIRED: Common-use word or phrase used to describe the subject of the data set.</themekey></theme></keywords><accconst>REQUIRED: Restrictions and legal prerequisites for accessing the data set.</accconst><useconst>REQUIRED: Restrictions and legal prerequisites for using the data set after access is granted.</useconst><natvform Sync="TRUE">File Geodatabase Table</natvform></idinfo><metainfo><langmeta Sync="TRUE">it</langmeta><metstdn Sync="TRUE">FGDC Content Standards for Digital Geospatial Metadata</metstdn><metstdv Sync="TRUE">FGDC-STD-001-1998</metstdv><mettc Sync="TRUE">local time</mettc><metc><cntinfo><cntorgp><cntper>REQUIRED: The person responsible for the metadata information.</cntper><cntorg>REQUIRED: The organization responsible for the metadata information.</cntorg></cntorgp><cntaddr><addrtype>REQUIRED: The mailing and/or physical address for the organization or individual.</addrtype><city>REQUIRED: The city of the address.</city><state>REQUIRED: The state or province of the address.</state><postal>REQUIRED: The ZIP or other postal code of the address.</postal></cntaddr><cntvoice>REQUIRED: The telephone number by which individuals can speak to the organization or individual.</cntvoice></cntinfo></metc><metd Sync="TRUE">20110112</metd></metainfo><distinfo><resdesc Sync="TRUE">Downloadable Data</resdesc></distinfo><mdHrLv><ScopeCd value="007" Sync="TRUE"/></mdHrLv><mdHrLvName Sync="TRUE">dataset</mdHrLvName><mdFileID>4bca54a8-0284-4307-9a01-48245c2a0a88</mdFileID></metadata>
