<metadata><mdLang><countryCode value="GBR" Sync="TRUE"/><languageCode value="eng" Sync="TRUE"/></mdLang><mdChar Sync="TRUE"><CharSetCd value="005"/></mdChar><mdHrLv2>dataset</mdHrLv2><mdHrLvName2>Geodatabase feature class</mdHrLvName2><mdDateSt>20121211</mdDateSt><mdStanName2>ISO19115:2003</mdStanName2><mdStanVer2>GISCO 1.2.0</mdStanVer2><dataSetURI Sync="TRUE">Server=musk.cc.cec.eu.int; Service=port:5153; User=giscoread; Version=SDE.DEFAULT</dataSetURI><spatRepInfo><VectSpatRep><geometObjs Name="PORT_PT_2013"><geoObjTyp><GeoObjTypCd value="004" Sync="TRUE"></GeoObjTypCd></geoObjTyp><geoObjCnt Sync="TRUE">0</geoObjCnt></geometObjs><topLvl><TopoLevCd value="001" Sync="TRUE"></TopoLevCd></topLvl></VectSpatRep></spatRepInfo><refSysInfo><refSysId><identCode>ETRS89</identCode></refSysId><RefSystem><refSysID><identCode code="4258">ETRS89</identCode><idCodeSpace Sync="TRUE">EPSG</idCodeSpace><idVersion Sync="TRUE">7.4.1</idVersion></refSysID></RefSystem></refSysInfo><dataIdInfo><idCitation><resTitle>GISCO.PORT_PT_2013</resTitle><resAltTitle>GISCO.PORT_PT_2009</resAltTitle><resRefDate><refDate>20091005</refDate><refDateType><DateTypCd value="001"/></refDateType></resRefDate><resRefDate><refDate>20091101</refDate><refDateType><DateTypCd value="002"/></refDateType></resRefDate><resEdDate>20091005</resEdDate><citRespParty><rpOrgName>Eurostat GISCO - European Commission</rpOrgName><rpCntInfo><cntPhone><voiceNum>+352 4301 32076</voiceNum><faxNum>+352 4301 34029</faxNum></cntPhone><cntAddress><delPoint>5, rue Alphonse Weicker</delPoint><city>Luxembourg</city><adminArea>Luxembourg</adminArea><postCode>2721</postCode><eMailAdd>estat-gisco@ec.europa.eu</eMailAdd><country>lu</country></cntAddress></rpCntInfo><role><RoleCd value="006"/></role></citRespParty><citRespParty><rpOrgName>Lovell Johns Ltd.</rpOrgName><rpCntInfo><cntPhone><voiceNum>+44 1993 883 161</voiceNum><faxNum>+44 1993 883 096</faxNum></cntPhone><cntAddress><delPoint>10 Hanborough Business Park</delPoint><city>Long Hanborough</city><adminArea>Witney</adminArea><postCode>OX29 8RU</postCode><eMailAdd>enquiries@lovelljohns.com</eMailAdd><country>gb</country></cntAddress></rpCntInfo><role><RoleCd value="009"/></role></citRespParty><presForm><PresFormCd value="005"/></presForm><date><pubDate>20150112</pubDate><createDate>20141001</createDate></date><citId><identCode>7AD5AD4D-AA43-4E61-9C70-6BA85C358FFA</identCode></citId></idCitation><idAbs>&lt;DIV STYLE="text-align:Left;"&gt;&lt;DIV&gt;&lt;DIV&gt;&lt;P&gt;&lt;SPAN&gt;This dataset should be bibliographically referred to as the “GISCO Ports 20&lt;/SPAN&gt;&lt;SPAN&gt;13 &lt;/SPAN&gt;&lt;SPAN&gt;dataset”. It contains &lt;/SPAN&gt;&lt;SPAN&gt;a point&lt;/SPAN&gt;&lt;SPAN /&gt;&lt;SPAN&gt;feature classes with the location of 2&lt;/SPAN&gt;&lt;SPAN&gt;440 &lt;/SPAN&gt;&lt;SPAN&gt;pan-European ports, plus one attribute table and 3 domain tables. The ports are identified following the UN Locode list. All ports are represented by a point location in PORT_PT_20&lt;/SPAN&gt;&lt;SPAN&gt;13&lt;/SPAN&gt;&lt;SPAN&gt;. Point coordinates and Locodes are derived from several input sources, including ports lists from EMSA, Lloyds, Norie’s Seaports of the World, the GISCO Ports 20&lt;/SPAN&gt;&lt;SPAN&gt;10 &lt;/SPAN&gt;&lt;SPAN&gt;dataset and the UN/LOCODE 2007 list. Attributes in PORT_AT_20&lt;/SPAN&gt;&lt;SPAN&gt;13 &lt;/SPAN&gt;&lt;SPAN&gt;include the port name, Locode Status Indicator, and reliability flags for the positional and Locode accuracy. Dataset coverage &lt;/SPAN&gt;&lt;SPAN&gt;global&lt;/SPAN&gt;&lt;/P&gt;&lt;/DIV&gt;&lt;/DIV&gt;&lt;/DIV&gt;</idAbs><idPurp>The dataset has been created for cartographic purposes and for appropriate analysis. Port statistics can be geo-referenced to this high quality pan-European dataset, especially when based on UN Locode.</idPurp><idStatus>completed</idStatus><descKeys KeyTypCd="002"><keyTyp><KeyTypCd value="002"/></keyTyp><keyword>Europe</keyword></descKeys><resConst><Consts><useLimit>The datasets have been created for cartographic purposes. Not to be used for navigation.</useLimit></Consts><LegConsts><othConsts>(e) intellectual property rights</othConsts></LegConsts></resConst><resConst><LegConsts><useConsts><RestrictCd value="001"/></useConsts><othConsts>Usage of data is public</othConsts><othConsts>Source should be acknowledged: "Source: GISCO - Eurostat (European Commission)"</othConsts><accessConsts><RestrictCd value="008"/></accessConsts></LegConsts></resConst><spatRpType><spatRepTypCd value="001"/><SpatRepTypCd value="001"/></spatRpType><dataScale xmlns=""><equScale><rfDenom>100000</rfDenom></equScale></dataScale><dataChar><CharSetCd value="004"/></dataChar><dataLang><languageCode value="eng" country="GB"/><countryCode value="GBR" Sync="TRUE"/></dataLang><dataExt xmlns=""><tempEle><TempExtent><exTemp><TM_GeometricPrimitive><TM_Period><begin Sync="True">19990101</begin><end Sync="True">20090921</end></TM_Period></TM_GeometricPrimitive></exTemp></TempExtent></tempEle><geoEle xmlns=""><GeoBndBox esriExtentType="search"><westBL Sync="TRUE">-176.142212</westBL><eastBL Sync="TRUE">178.429688</eastBL><northBL Sync="TRUE">78.231445</northBL><southBL Sync="TRUE">-54.280518</southBL><exTypeCode Sync="TRUE">1</exTypeCode></GeoBndBox></geoEle></dataExt><geoBox esriExtentType="decdegrees"><westBL Sync="TRUE">-61.716667</westBL><eastBL Sync="TRUE">55.308627</eastBL><southBL Sync="TRUE">-20.943881</southBL><northBL Sync="TRUE">71.036064</northBL></geoBox><descKeys KeyTypCd="005"><keyTyp><KeyTypCd value="005"/></keyTyp><keyword>European transportation</keyword><keyword>Ferry links</keyword><keyword>Harbours</keyword><keyword>Quays</keyword><keyword>Shipping</keyword><keyword>Transport networks</keyword></descKeys><descKeys KeyTypCd="005"><keyTyp><KeyTypCd value="005"/></keyTyp><thesaName uuidref="723f6998-058e-11dc-8314-0800200c9a66"><resTitle>Directive 2007/2/EC of the European Parliament and of the Council of 14 March 2007 establishing an Infrastructure for Spatial Information in the European Community (INSPIRE)</resTitle><resRefDate><refDate>20070314</refDate><refDateType><DateTypCd value="002"/></refDateType></resRefDate></thesaName><keyword>Ports</keyword></descKeys><envirDesc Sync="TRUE">Microsoft Windows 7 Version 6.1 (Build 7601) Service Pack 1; ESRI ArcGIS 10.0.5.4400</envirDesc><idPoC xmlns=""><rpOrgName>European Commission, Eurostat (ESTAT), GISCO</rpOrgName><rpCntInfo><cntAddress addressType=""><eMailAdd>estat-gisco@ec.europa.eu</eMailAdd></cntAddress></rpCntInfo><role><RoleCd value="003"/></role></idPoC><themeKeys xmlns=""><thesaName xmlns=""><resTitle>GEMET - INSPIRE themes, version 1.0</resTitle><date><pubDate>2008-01-06T00:00:00</pubDate></date></thesaName><keyword>Transport networks</keyword></themeKeys><themeKeys xmlns=""><thesaName xmlns=""><resTitle>GEMET - Concepts, version 2.4</resTitle><date><pubDate>13/01/2010</pubDate></date></thesaName><keyword>transportation</keyword></themeKeys><tpCat><TopicCatCd value="018"/></tpCat></dataIdInfo><distInfo><distributor><distorCont><rpIndName>Eurostat GISCO</rpIndName><rpOrgName>Eurostat GISCO - European Commission (EC)</rpOrgName><rpPosName>Responsible of reference geodatabase for the EC</rpPosName><rpCntInfo><cntPhone><voiceNum>+352 4301 32076</voiceNum><faxNum>+352 4301 34029</faxNum></cntPhone><cntAddress><delPoint>5, rue Alphonse Weicker</delPoint><city>Luxembourg</city><adminArea>Luxembourg</adminArea><postCode>2721</postCode><eMailAdd>estat-gisco@ec.europa.eu</eMailAdd><country>lu</country></cntAddress></rpCntInfo><role><RoleCd value="005"/></role></distorCont><distorFormat><formatName>SDE Feature Class</formatName><formatVer>9.3</formatVer></distorFormat><distorTran><onLineSrc><linkage>file://\\S-TROI\GISCO-DB-Backups\20100210_FULL_PROD_C5\20100210_FULL_PROD.gdb</linkage><protocol>Local Area Network</protocol><orDesc>002</orDesc><orFunct><OnFunctCd value="001"/></orFunct></onLineSrc></distorTran></distributor><distFormat><formatName Sync="TRUE">Shapefile</formatName></distFormat><distTranOps><transSize Sync="TRUE">0.000</transSize></distTranOps></distInfo><dqInfo xmlns=""><dataLineage><statement>Port names and Locodes were mainly taken from the Eurostat list "Ports Estat 2010", or the UN/LOCODE 2007 list. This dataset is an update of the 2009 dataset with additional ports added and some removed.  No polygon data hsa been supllied with this version


Point location sources were, in decreasing order of preference:
1. European Maritime Safety Agency (EMSA) list of ports by calls
2. Lloyds MIU list of European ports
3. GISCO Ports 2009 dataset (PORT_2009). This was derived from some of the same sources used for this dataset, plus Norie’s Seaports of the World list (in Norie’s Nautical Tables, Imray, 2007)
4. UN/LOCODE 2007 list (UNECE, 2007)
5. List of additions and removals supplied by Unit B4 in Eurostat



Many of the processing steps included some manual matching, editing or checking steps to improve data quality. Reference sources used included port organisation websites, online port lists, and aerial imagery. The busiest 60 ports according to the "EU Energy and Transport in Figures: Statistical Pocketbook 2009" were visually checked against input and reference sources. Effort was also focussed on Eurostat statistical ports. All matching steps included manual checks of join tables or the spatial data to help overcome naming or conceptual differences between sources. Some expected errors were manually fixed.

LOCD_STTS_CODE port attributes derived from UN/LOCODE 2007, and LOCD_STTS_DOM table copied from the StatusIndicator table of the UN database. PORT_COOR_RELI_CODE positional reliability attributes were calculated for port points based on the process for reaching the final point coordinate. PORT_LOCD_RELI_CODE attributes were derived depending on the port’s proximity to settlement features that verify the port name (and hence Locode). TEN_CODE and PROC_TEN_CODE attributes provided by GISCO. STAT_PORT_CODE and REMK are Eurostat attributes from the "Ports Estat 2010" list.  
</statement><prcStep><description>Create Working Ports Polygon dataset with Names Assigned: Ports polygons created from CLC2000 + ERM HarbourA. Names allocated from STTL_RG_250K_V3 by intersect or 200m buffer and intersect. Visual checks where port overlays several settlements. Preparation of point data sources, such as conversion of lists with coordinate attributes into point datasets.

Allocate LOCODEs to Named Port Polygons: Removal of ERM geometry where polygons from both sources. Dissolve to create multipart PORT_RG. Match named RG to PT datasets within 1 arc minute based on location and name coincidence (fuzzy matching with Levenshtein algorithm). Automated selection steps, in order of source confidence, then visual matching. Join remaining unmatched RG to UN list by name to allocate LOCODEs where possible.

Allocate LOCODEs to Unnamed Port Polygons: Match unnamed PL to PT with 1 arc minute based on location. Automated steps in order of source confidence, but not where disagreement between point sources. Visual matching step.

Create First instance of PORT_2009 Dataset: Manual correction of known errors. Creation of single PORT_RG dataset with unique Locodes. First PORT_PT dataset created from source points that had been matched to RG. Points outside the RG or the land moved to Near point 10m inside the inland port polygon relative to CNTR_RG_100K_2006. Where no source PT feature, new PT created inside RG at or near centroid. Port name attributes filled from input sources in priority order.

Add Port Points with no Polygon: Unused port points selected from GISCO_PT_2008 and EMSA where the Locode is not already used in the working ports dataset. Some new points also created for ports added to the Estat list since 2008 but not yet represented. Matching unused port points to STTL_V3, again based on proximity (within 1 arc minute) and fuzzy name matches. PT matched to but outside STTL_RG were moved just inside RG. PT matched to STTL_PT (but not to STTL_RG) were moved to the settlement location.  Any new offshore PORT_PT were moved inland relative to CNTR_RG_100K_2006

Complete Attribution, Tables and Checking: Deletion of some points with incorrect Locode. Check PORT_PT don’t overlay unused port polygons. Attributes completed and domain tables created. Visual checks of busiest EU ports. Check against Estat lists of deleted ports. Checks of polygons overlapping several points, to ensure the polygon was linked to the point for the most important port.</description></prcStep><dataSource><srcDesc>Eurostat “Ports Estat 2009” list; CLC2000 vector dataset; ERM v3.0 HarbourA dataset; GISCO STTL_V3 dataset (from ERM v3.0); UN/LOCODE 2007 list; GISCO Ports 2008 dataset; EMSA list of ports by calls; Lloyds MIU list of European ports; Norie’s Seaports of the World list; internet reference sources</srcDesc></dataSource></dataLineage><DQConcConsis><measName>Completeness of Dataset</measName><measId><codeSpace>INSPIRE</codeSpace></measId><measDesc>All feature classes and attribute tables should be present</measDesc><evalMethDesc>Re-application of schema to dataset</evalMethDesc><measDateTm>20090929</measDateTm><ConResult><conExpl>All feature classes and attribute tables are present</conExpl><conPass>true</conPass><conSpec><resRefDate><refDateType><DateTypCd value="[invalid date type]"/></refDateType></resRefDate></conSpec></ConResult></DQConcConsis><DQDomConsis><measName>Referential Integrity of Dataset</measName><measId><codeSpace>INSPIRE</codeSpace></measId><measDesc>The integrity and cardinality of the relationships (conceptual and implemented) were checked by enforcing primary and foreign key integrity constraints in Oracle. The constraints referencing domain tables were a test of domain consistency.</measDesc><evalMethDesc>No Errors during creation of integrity constraints.</evalMethDesc><measDateTm>20090929</measDateTm><ConResult><conExpl>No errors occurred, so the integrity of all primary and foreign keys was confirmed. All coded values are compliant to the relevant domains (except for any NULL values). The cardinality can only be confirmed where it is strict enough for this test to detect errors.</conExpl><conPass>true</conPass><conSpec><resRefDate><refDateType><DateTypCd value="[invalid date type]"/></refDateType></resRefDate></conSpec></ConResult></DQDomConsis><DQConcConsis><measName>Semantic consistency of Port IDs</measName><measId><codeSpace>INSPIRE</codeSpace></measId><measDesc>CNTR_CODE must be coincident to the first two character of PORT_ID except for GB, GF, GP, MQ, RE, XC and XL.</measDesc><evalMethDesc>SQL query</evalMethDesc><measDateTm>20090929</measDateTm><ConResult><conExpl>Only the valid exceptions were returned by the query, so otherwise the dataset conforms to this rule</conExpl><conPass>true</conPass><conSpec><resRefDate><refDateType><DateTypCd value="[invalid date type]"/></refDateType></resRefDate></conSpec></ConResult></DQConcConsis><DQTopConsis><measName>Consistency within Port region dataset</measName><measId><codeSpace>INSPIRE</codeSpace></measId><measDesc>Port regions must not overlap.</measDesc><evalMethDesc>Topology rule validation (cluster tolerance 0.000000000000177635683941 degrees)</evalMethDesc><measDateTm>20090929</measDateTm><ConResult><conExpl>No errors were found, so port regions do not overlap</conExpl><conPass>true</conPass><conSpec><resRefDate><refDateType><DateTypCd value="[invalid date type]"/></refDateType></resRefDate></conSpec></ConResult></DQTopConsis><DQTopConsis><measName>Consistency between Port points and regions</measName><measId><codeSpace>INSPIRE</codeSpace></measId><measDesc>Every Port region must cover a Port point with the same PORT_ID</measDesc><evalMethDesc>Spatial join and Selection</evalMethDesc><measDateTm>20090929</measDateTm><ConResult><conExpl>No errors were found, so all Port regions contain a Port point with the same PORT_ID</conExpl><conPass>true</conPass><conSpec><resRefDate><refDateType><DateTypCd value="[invalid date type]"/></refDateType></resRefDate></conSpec></ConResult></DQTopConsis><DQTopConsis><measName>Consistency between Port points and Country regions</measName><measId><codeSpace>INSPIRE</codeSpace></measId><measDesc>Every Port point must be properly inside a polygon in CNTR_RG_100K_2006 with the same country code.</measDesc><evalMethDesc>Spatial join and Selection</evalMethDesc><measDateTm>20090929</measDateTm><ConResult><conExpl>No errors were found so all Port points are located inside a CNTR_2006 Country region with the same code</conExpl><conPass>true</conPass><conSpec><resRefDate><refDateType><DateTypCd value="[invalid date type]"/></refDateType></resRefDate></conSpec></ConResult></DQTopConsis><dqScope value="005"><scpLvl>dataset<ScopeCd value="005"></ScopeCd></scpLvl></dqScope><report type="DQDomConsis" dimension="horizontal"><measResult><ConResult><conSpec><resTitle>COMMISSION REGULATION (EU) No 1089/2010 of 23 November 2010 implementing Directive 2007/2/EC of the European Parliament and of the Council as regards interoperability of spatial data sets and services</resTitle></conSpec><conExpl>See the referenced specification</conExpl></ConResult></measResult></report></dqInfo><MdCoRefSys><ellipsoid><identCode>Geodetic Reference System 80</identCode></ellipsoid><datum><identCode>D_ETRS_1989</identCode></datum><ellParas><semiMajAx>6378137.000000</semiMajAx><denFlatRat>298.257222</denFlatRat></ellParas></MdCoRefSys><eainfo><detailed Name="PORT_PT_2013" xmlns=""><enttyp><enttypl>PORT_PT_2013</enttypl><enttypd>Port point geometry and attribute table</enttypd><enttypt Sync="TRUE">Feature Class</enttypt><enttypc Sync="TRUE">0</enttypc></enttyp><attr><attrlabl Sync="TRUE">FID</attrlabl><attalias Sync="TRUE">FID</attalias><attrtype Sync="TRUE">OID</attrtype><attwidth Sync="TRUE">4</attwidth><atprecis Sync="TRUE">0</atprecis><attscale Sync="TRUE">0</attscale><attrdef Sync="TRUE">Internal feature number.</attrdef><attrdefs Sync="TRUE">ESRI</attrdefs><attrdomv><udom Sync="TRUE">Sequential unique whole numbers that are automatically generated.</udom></attrdomv></attr><attr xmlns=""><attrtype Sync="TRUE">String</attrtype><attrlabl>PORT_ID</attrlabl><attrdef>Primary key. Locode port identification code.</attrdef><attrdefs>GISCO</attrdefs><attwidth Sync="TRUE">5</attwidth><atprecis Sync="TRUE">0</atprecis><attscale Sync="TRUE">0</attscale><attalias Sync="TRUE">PORT_ID</attalias></attr><attr xmlns=""><attrtype Sync="TRUE">Geometry</attrtype><attrlabl>SHAPE</attrlabl><attrdef>Feature geometry.</attrdef><attrdefs>ESRI</attrdefs><attwidth Sync="TRUE">0</attwidth><atprecis Sync="TRUE">0</atprecis><attscale Sync="TRUE">0</attscale><attalias Sync="TRUE">Shape</attalias><attrdomv><udom Sync="TRUE">Coordinates defining the features.</udom></attrdomv></attr><attr><attrlabl Sync="TRUE">DATA_SRC_C</attrlabl><attalias Sync="TRUE">DATA_SRC_C</attalias><attrtype Sync="TRUE">Double</attrtype><attwidth Sync="TRUE">10</attwidth><atprecis Sync="TRUE">10</atprecis><attscale Sync="TRUE">0</attscale></attr><attr><attrlabl Sync="TRUE">PORT_COOR_</attrlabl><attalias Sync="TRUE">PORT_COOR_</attalias><attrtype Sync="TRUE">String</attrtype><attwidth Sync="TRUE">1</attwidth><atprecis Sync="TRUE">0</atprecis><attscale Sync="TRUE">0</attscale></attr></detailed><detailed Name="PORT_PT_2009_AT" xmlns=""><enttyp><enttypl>PORT_PT_2013_AT</enttypl></enttyp></detailed></eainfo><Esri><CreaDate>20141209</CreaDate><CreaTime>12193600</CreaTime><SyncOnce>FALSE</SyncOnce><SyncDate>20150429</SyncDate><SyncTime>15444000</SyncTime><ModDate>20150429</ModDate><ModTime>15444000</ModTime><DataProperties><itemProps><itemName Sync="TRUE">PORT_PT_2013</itemName><imsContentType Sync="TRUE">002</imsContentType><nativeExtBox><westBL Sync="TRUE">-176.142212</westBL><eastBL Sync="TRUE">178.429688</eastBL><southBL Sync="TRUE">-54.280518</southBL><northBL Sync="TRUE">78.231445</northBL><exTypeCode Sync="TRUE">1</exTypeCode></nativeExtBox><itemLocation><linkage Sync="TRUE">file://\\s-tlar\development\develop\Database-Updates\PORTS\2015-MAR-PORTS_2013_update\PORT_2013_SH\Data\PORT_PT_2013.shp</linkage><protocol Sync="TRUE">Local Area Network</protocol></itemLocation><itemSize Sync="TRUE">0.000</itemSize></itemProps><coordRef><type Sync="TRUE">Geographic</type><geogcsn Sync="TRUE">GCS_ETRS_1989</geogcsn><peXml Sync="TRUE">&lt;GeographicCoordinateSystem xsi:type='typens:GeographicCoordinateSystem' xmlns:xsi='http://www.w3.org/2001/XMLSchema-instance' xmlns:xs='http://www.w3.org/2001/XMLSchema' xmlns:typens='http://www.esri.com/schemas/ArcGIS/10.0'&gt;&lt;WKT&gt;GEOGCS[&amp;quot;GCS_ETRS_1989&amp;quot;,DATUM[&amp;quot;D_ETRS_1989&amp;quot;,SPHEROID[&amp;quot;GRS_1980&amp;quot;,6378137.0,298.257222101]],PRIMEM[&amp;quot;Greenwich&amp;quot;,0.0],UNIT[&amp;quot;Degree&amp;quot;,0.0174532925199433],AUTHORITY[&amp;quot;EPSG&amp;quot;,4258]]&lt;/WKT&gt;&lt;XOrigin&gt;-399.99999999999989&lt;/XOrigin&gt;&lt;YOrigin&gt;-399.99999999999989&lt;/YOrigin&gt;&lt;XYScale&gt;11258999068426.24&lt;/XYScale&gt;&lt;ZOrigin&gt;-100000&lt;/ZOrigin&gt;&lt;ZScale&gt;10000&lt;/ZScale&gt;&lt;MOrigin&gt;-100000&lt;/MOrigin&gt;&lt;MScale&gt;10000&lt;/MScale&gt;&lt;XYTolerance&gt;8.9831528411952117e-009&lt;/XYTolerance&gt;&lt;ZTolerance&gt;0.001&lt;/ZTolerance&gt;&lt;MTolerance&gt;0.001&lt;/MTolerance&gt;&lt;HighPrecision&gt;true&lt;/HighPrecision&gt;&lt;LeftLongitude&gt;-180&lt;/LeftLongitude&gt;&lt;WKID&gt;4258&lt;/WKID&gt;&lt;/GeographicCoordinateSystem&gt;</peXml><csUnits Sync="TRUE">Angular Unit: Degree (0.017453)</csUnits></coordRef><lineage><Process ToolSource="C:\Program Files (x86)\ArcGIS\Desktop10.0\ArcToolbox\Toolboxes\Data Management Tools.tbx\ChangePrivileges" Date="20130606" Time="135109" Name="" export="">ChangePrivileges Z:\webapp\mapservices\Maps\connection-files\PROD\PROD-DIRECT-GISCO_11g.sde\GISCO.PORT_2010\GISCO.PORT_PT_2010 GISCOVIEW GRANT AS_IS</Process><Process ToolSource="C:\Program Files (x86)\ArcGIS\Desktop10.0\ArcToolbox\Toolboxes\Data Management Tools.tbx\CalculateField" Date="20131015" Time="103132" Name="" export="">CalculateField PORT_PT_2010_TMP INLAND S VB #</Process><Process ToolSource="C:\Program Files (x86)\ArcGIS\Desktop10.0\ArcToolbox\Toolboxes\Data Management Tools.tbx\CalculateField" Date="20131015" Time="103146" Name="" export="">CalculateField PORT_PT_2010_TMP INLAND "S" VB #</Process><Process ToolSource="C:\Program Files (x86)\ArcGIS\Desktop10.0\ArcToolbox\Toolboxes\Data Management Tools.tbx\CalculateField" Date="20131018" Time="151533" Name="" export="">CalculateField PORT_PT_2010_TMP_1 DATA_SRC_CODE [DATA_SRC_C] VB #</Process><Process ToolSource="C:\Program Files (x86)\ArcGIS\Desktop10.0\ArcToolbox\Toolboxes\Data Management Tools.tbx\CalculateField" Date="20131018" Time="151649" Name="" export="">CalculateField PORT_PT_2010_TMP_1 PORT_HIER_CODE [PORT_HIER_] VB #</Process><Process ToolSource="C:\Program Files (x86)\ArcGIS\Desktop10.0\ArcToolbox\Toolboxes\Data Management Tools.tbx\CalculateField" Date="20131018" Time="151803" Name="" export="">CalculateField PORT_PT_2010_TMP_1 PORT_COOR_RELI_CODE [PORT_COOR_] VB #</Process><Process ToolSource="C:\Program Files (x86)\ArcGIS\Desktop10.0\ArcToolbox\Toolboxes\Data Management Tools.tbx\CalculateField" Date="20131018" Time="151846" Name="" export="">CalculateField PORT_PT_2010_TMP_1 PORT_COOR_RELI_CODE [PORT_COOR_] VB #</Process><Process ToolSource="C:\Program Files (x86)\ArcGIS\Desktop10.0\ArcToolbox\Toolboxes\Data Management Tools.tbx\CalculateField" Date="20131206" Time="124215" Name="" export="">CalculateField PORT_PT_2013 INLAND 1 VB #</Process><Process ToolSource="c:\program files (x86)\arcgis\desktop10.0\ArcToolbox\Toolboxes\Data Management Tools.tbx\CalculateField" Date="20131210" Time="113644" Name="" export="">CalculateField PORT_PT_2013 DATA_SRC_CODE 9998 VB #</Process><Process ToolSource="c:\program files (x86)\arcgis\desktop10.1\ArcToolbox\Toolboxes\Data Management Tools.tbx\ChangePrivileges" Date="20141216" Time="104317" Name="" export="">ChangePrivileges \\s-tpol\connection-files\PROD\PROD-DIRECT-GISCO_11g.sde\GISCO.PORT_2013\GISCO.PORT_PT_2013 GISCOREAD GRANT AS_IS</Process><Process ToolSource="c:\program files (x86)\arcgis\desktop10.1\ArcToolbox\Toolboxes\Data Management Tools.tbx\ChangePrivileges" Date="20141216" Time="104330" Name="" export="">ChangePrivileges \\s-tpol\connection-files\PROD\PROD-DIRECT-GISCO_11g.sde\GISCO.PORT_2013\GISCO.PORT_PT_2013 GISCOVIEW GRANT AS_IS</Process><Process ToolSource="C:\Program Files (x86)\ArcGIS\Desktop10.0\ArcToolbox\Toolboxes\Conversion Tools.tbx\FeatureClassToFeatureClass" Date="20150429" Time="154441">FeatureClassToFeatureClass \\s-tpol\connection-files\PROD\PROD-DIRECT-GISCOREAD_11g.sde\GISCO.PORT_2013\GISCO.PORT_PT_2013 J:\develop\Database-Updates\PORTS\2015-MAR-PORTS_2013_update\PORT_2013_SH\Data PORT_PT_2013.shp # "PORT_ID "PORT_ID" true true false 5 Text 0 0 ,First,#,\\s-tpol\connection-files\PROD\PROD-DIRECT-GISCOREAD_11g.sde\GISCO.PORT_2013\GISCO.PORT_PT_2013,PORT_ID,-1,-1;DATA_SRC_C "DATA_SRC_CODE" true true false 4 Long 0 10 ,First,#,\\s-tpol\connection-files\PROD\PROD-DIRECT-GISCOREAD_11g.sde\GISCO.PORT_2013\GISCO.PORT_PT_2013,DATA_SRC_CODE,-1,-1;PORT_COOR_ "PORT_COOR_RELI_CODE" true true false 1 Text 0 0 ,First,#,\\s-tpol\connection-files\PROD\PROD-DIRECT-GISCOREAD_11g.sde\GISCO.PORT_2013\GISCO.PORT_PT_2013,PORT_COOR_RELI_CODE,-1,-1" #</Process></lineage></DataProperties><ArcGISFormat>1.0</ArcGISFormat><ArcGISstyle>GISCO Metadata Editor 2012</ArcGISstyle><ArcGISProfile>INSPIRE</ArcGISProfile></Esri><idinfo><native Sync="TRUE">Microsoft Windows Vista Version 6.1 (Build 7600) ; ESRI ArcCatalog 9.3.1.3000</native><descript><langdata Sync="TRUE">it</langdata><abstract>REQUIRED: A brief narrative summary of the data set.</abstract><purpose>REQUIRED: A summary of the intentions with which the data set was developed.</purpose></descript><citation><citeinfo><origin>REQUIRED: The name of an organization or individual that developed the data set.</origin><pubdate>REQUIRED: The date when the data set is published or otherwise made available for release.</pubdate><title Sync="TRUE">PORT_PT_2010</title><ftname Sync="TRUE">PORT_PT_2010</ftname><geoform Sync="TRUE">vector digital data</geoform><onlink Sync="TRUE">Service=sde:oracle10g:/;LOCAL=ARCESTP; User=GISCO; Version=SDE.DEFAULT</onlink></citeinfo></citation><timeperd><current>REQUIRED: The basis on which the time period of content information is determined.</current><timeinfo><sngdate><caldate>REQUIRED: The year (and optionally month, or month and day) for which the data set corresponds to the ground.</caldate></sngdate></timeinfo></timeperd><status><progress>REQUIRED: The state of the data set.</progress><update>REQUIRED: The frequency with which changes and additions are made to the data set after the initial data set is completed.</update></status><spdom><bounding><westbc Sync="TRUE">-176.145203</westbc><eastbc Sync="TRUE">178.429700</eastbc><northbc Sync="TRUE">71.036064</northbc><southbc Sync="TRUE">-54.288670</southbc></bounding><lboundng><leftbc Sync="TRUE">-176.145203</leftbc><rightbc Sync="TRUE">178.429700</rightbc><bottombc Sync="TRUE">-54.288670</bottombc><topbc Sync="TRUE">71.036064</topbc></lboundng></spdom><keywords><theme><themekt>REQUIRED: Reference to a formally registered thesaurus or a similar authoritative source of theme keywords.</themekt><themekey>REQUIRED: Common-use word or phrase used to describe the subject of the data set.</themekey></theme></keywords><accconst>REQUIRED: Restrictions and legal prerequisites for accessing the data set.</accconst><useconst>REQUIRED: Restrictions and legal prerequisites for using the data set after access is granted.</useconst><natvform Sync="TRUE">File Geodatabase Feature Class</natvform></idinfo><metainfo><langmeta Sync="TRUE">it</langmeta><metstdn Sync="TRUE">FGDC Content Standards for Digital Geospatial Metadata</metstdn><metstdv Sync="TRUE">FGDC-STD-001-1998</metstdv><mettc Sync="TRUE">local time</mettc><metc><cntinfo><cntorgp><cntper>REQUIRED: The person responsible for the metadata information.</cntper><cntorg>REQUIRED: The organization responsible for the metadata information.</cntorg></cntorgp><cntaddr><addrtype>REQUIRED: The mailing and/or physical address for the organization or individual.</addrtype><city>REQUIRED: The city of the address.</city><state>REQUIRED: The state or province of the address.</state><postal>REQUIRED: The ZIP or other postal code of the address.</postal></cntaddr><cntvoice>REQUIRED: The telephone number by which individuals can speak to the organization or individual.</cntvoice></cntinfo></metc><metd Sync="TRUE">20110112</metd></metainfo><distinfo><resdesc Sync="TRUE">Downloadable Data</resdesc></distinfo><spdoinfo><direct Sync="TRUE">Vector</direct><ptvctinf><esriterm><efeatyp Sync="TRUE">Simple</efeatyp><efeageom code="1" Sync="TRUE"></efeageom><esritopo Sync="TRUE">FALSE</esritopo><efeacnt Sync="TRUE">0</efeacnt><spindex Sync="TRUE">FALSE</spindex><linrefer Sync="TRUE">FALSE</linrefer></esriterm></ptvctinf></spdoinfo><spref><horizsys><cordsysn><geogcsn Sync="TRUE">GCS_ETRS_1989</geogcsn></cordsysn><geograph><geogunit Sync="TRUE">Decimal degrees</geogunit><latres Sync="TRUE">0.000000</latres><longres Sync="TRUE">0.000000</longres></geograph><geodetic><horizdn Sync="TRUE">D_ETRS_1989</horizdn><ellips Sync="TRUE">Geodetic Reference System 80</ellips><semiaxis Sync="TRUE">6378137.000000</semiaxis><denflat Sync="TRUE">298.257222</denflat></geodetic></horizsys><vertdef><altsys><altenc Sync="TRUE">Explicit elevation coordinate included with horizontal coordinates</altenc><altres Sync="TRUE">0.000100</altres></altsys></vertdef></spref><mdFileID>{2FD6B2B8-EA44-4C3A-9840-BF2AB52F61EF}</mdFileID><editorCustomization version="v1.1.4"/><mdHrLv><ScopeCd Sync="TRUE" value="005"/></mdHrLv><mdHrLvName Sync="TRUE">dataset</mdHrLvName><mdStanName Sync="TRUE">ISO 19115 Geographic Information - Metadata</mdStanName><mdStanVer Sync="TRUE">DIS_ESRI1.0</mdStanVer><dataqual><lineage><procstep><procdesc Sync="TRUE">Dataset copied.</procdesc><srcused Sync="TRUE">\\s-sisko\gisco\develop\GISCO_db_management\Framework-Contract-2010\2010 GISCO Lot2 SC#1\__. Deliveries\A2\Database\SC1_A2_MartRouteNetwork_DB\MART_V1_PORTS.gdb</srcused><procdate Sync="TRUE">20110304</procdate><proctime Sync="TRUE">10233900</proctime></procstep><procstep><procdesc Sync="TRUE">Dataset copied.</procdesc><srcused Sync="TRUE">Service=sde:oracle10g:/;LOCAL=ARCESTD; User=GISCO; Version=SDE.DEFAULT</srcused><procdate Sync="TRUE">20110712</procdate><proctime Sync="TRUE">16203700</proctime></procstep></lineage></dataqual><mdContact xmlns=""><rpOrgName>European Commission, Eurostat (ESTAT), GISCO</rpOrgName><rpCntInfo><cntAddress addressType=""><eMailAdd>estat-gisco@ec.europa.eu</eMailAdd></cntAddress></rpCntInfo></mdContact></metadata>
