<metadata>
	<mdLang>
		<languageCode value="en">
		</languageCode>
		<countryCode value="GBR" Sync="TRUE"></countryCode></mdLang>
	<mdChar Sync="TRUE">
		<CharSetCd value="003"/>
	</mdChar>
	<mdParentID Sync="TRUE">TRAN_V1.xml</mdParentID>
	<mdHrLv2>dataset</mdHrLv2>
	<mdHrLvName2 Sync="TRUE">Geodatabase attribute table</mdHrLvName2>
	<mdContact>
		<role>
			<RoleCd value=""/>
		</role>
	</mdContact>
	<mdDateSt>20071015</mdDateSt>
	<mdStanName2>  ISO19115:2003  </mdStanName2>
	<mdStanVer2>  GISCO 1.0  </mdStanVer2>
	<dataSetURI Sync="TRUE">Server=musk.cc.cec.eu.int; Service=port:5153; User=giscoread; Version=SDE.DEFAULT</dataSetURI>
	<refSysInfo>
		<refSysId>
			<identCode>ETRS89</identCode>
		</refSysId>
		<RefSystem>
			<refSysID>
				<identCode>ETRS89</identCode>
			</refSysID>
		</RefSystem>
	</refSysInfo>
	<dataIdInfo>
		<idCitation>
			<resTitle>Transport v1 (2005) airport data source code lookup table</resTitle>
			<resAltTitle>GISCO.AIRP_DATA_SRC_CODE_DOM</resAltTitle>
			<resRefDate>
				<refDate>20071012</refDate>
				<refDateType>
					<DateTypCd value="001"/>
				</refDateType>
			</resRefDate>
			<resRefDate>
				<refDate>20071012</refDate>
				<refDateType>
					<DateTypCd value="002"/>
				</refDateType>
			</resRefDate>
			<resEd>1</resEd>
			<resEdDate>20050831</resEdDate>
			<citRespParty>
				<rpOrgName>Eurostat GISCO - European Commission</rpOrgName>
				<rpCntInfo>
					<cntPhone>
						<voiceNum>+352 4301 32076</voiceNum>
						<faxNum>+352 4301 34029</faxNum>
					</cntPhone>
					<cntAddress>
						<delPoint>5, rue Alphonse Weicker</delPoint>
						<city>Luxembourg</city>
						<adminArea>Luxembourg</adminArea>
						<postCode>2721</postCode>
						<eMailAdd>estat-gisco@ec.europa.eu</eMailAdd>
						<country>lu</country>
					</cntAddress>
				</rpCntInfo>
				<role>
					<RoleCd value="007"/>
				</role>
			</citRespParty>
			<citRespParty>
				<rpOrgName>Lovell Johns Ltd.</rpOrgName>
				<rpCntInfo>
					<cntPhone>
						<voiceNum>+44 1993 883 161</voiceNum>
						<faxNum>+44 1993 883 096</faxNum>
					</cntPhone>
					<cntAddress>
						<delPoint>10 Hanborough Business Park</delPoint>
						<city>Long Hanborough</city>
						<adminArea>Witney</adminArea>
						<postCode>OX29 8RU</postCode>
						<eMailAdd>enquiries@lovelljohns.com</eMailAdd>
						<country>gb</country>
					</cntAddress>
				</rpCntInfo>
				<role>
					<RoleCd value="009"/>
				</role>
			</citRespParty>
			<presForm><PresFormCd Sync="TRUE" value="011"></PresFormCd></presForm></idCitation>
		<idAbs>Lookup table for the data source of the Transport v1 (2005) airport points</idAbs>
		<idPurp>lookup table</idPurp>
		<idStatus>completed</idStatus>
		<descKeys KeyTypCd="005">
			<keyTyp>
				<KeyTypCd value="005"/>
			</keyTyp>
			<keyword>Transport networks</keyword>
			<thesaName>
				<resTitle>Directive 2007/2/EC/ of the European Parliament and of the Council of 14 March 2007 establishing an Infrastructure for Spatial Information in the European Community (INSPIRE)</resTitle>
				<resRefDate>
					<refDate>20070314</refDate>
					<refDateType>
						<DateTypCd value="002"/>
					</refDateType>
				</resRefDate>
			</thesaName>
		</descKeys>
		<descKeys KeyTypCd="005">
			<keyTyp>
				<KeyTypCd value="005"/>
			</keyTyp>
			<keyword>airport</keyword>
		</descKeys>
		<resConst>
			<LegConsts>
				<accessConsts>
					<RestrictCd value="001"/>
				</accessConsts>
				<useConsts>
					<RestrictCd value="001"/>
				</useConsts>
				<useConsts>
					<RestrictCd value="004"/>
				</useConsts>
				<useConsts>
					<RestrictCd value="005"/>
				</useConsts>
			</LegConsts>
		</resConst>
		<spatRpType>
			<spatRepTypCd value="001"/>
			<SpatRepTypCd value="003" Sync="TRUE"></SpatRepTypCd></spatRpType>
		<dataLang>
			<languageCode value="en">
			</languageCode>
			<countryCode value="GBR" Sync="TRUE"></countryCode></dataLang>
		<tpCat>
			<TopicCatCd value="018"/>
		</tpCat>
		<envirDesc Sync="TRUE">Microsoft Windows 7 Version 6.1 (Build 7601) Service Pack 1; Esri ArcGIS 10.1.1.3143</envirDesc><idPoC Sync="TRUE"><rpOrgName Sync="TRUE">Eurostat GISCO - European Commission</rpOrgName><rpCntInfo><cntPhone><voiceNum Sync="TRUE">+352 4301 32076</voiceNum><faxNum Sync="TRUE">+352 4301 34029</faxNum></cntPhone><cntAddress><delPoint Sync="TRUE">5, rue Alphonse Weicker</delPoint><city Sync="TRUE">Luxembourg</city><adminArea Sync="TRUE">Luxembourg</adminArea><postCode Sync="TRUE">2721</postCode><country Sync="TRUE">lu</country><eMailAdd Sync="TRUE">estat-gisco@ec.europa.eu</eMailAdd></cntAddress></rpCntInfo><role><RoleCd Sync="TRUE" value="007"></RoleCd></role></idPoC></dataIdInfo>
	<distInfo>
		<distributor>
			<distorCont>
				<rpOrgName>Eurostat GISCO - European Commission</rpOrgName>
				<rpCntInfo>
					<cntPhone>
						<voiceNum>+352 4301 32076</voiceNum>
						<faxNum>+352 4301 34029</faxNum>
					</cntPhone>
					<cntAddress>
						<delPoint>5, rue Alphonse Weicker</delPoint>
						<city>Luxembourg</city>
						<adminArea>Luxembourg</adminArea>
						<postCode>2721</postCode>
						<eMailAdd>estat-gisco@ec.europa.eu</eMailAdd>
						<country>lu</country>
					</cntAddress>
				</rpCntInfo>
				<role>
					<RoleCd value="005"/>
				</role>
			</distorCont>
			<distorFormat>
				<formatName>ESRI geodatabase</formatName>
				<formatVer>9.2</formatVer>
			</distorFormat>
			<distorTran>
				<onLineSrc>
					<linkage>http://epp.eurostat.ec.europa.eu</linkage>
					<protocol>http</protocol>
					<orDesc>002</orDesc>
					<orFunct>
						<OnFunctCd value="001"/>
					</orFunct>
				</onLineSrc>
				<offLineMed>
					<medName>
						<MedNameCd value="002"/>
					</medName>
				</offLineMed>
			</distorTran>
		</distributor>
		<distFormat><formatName Sync="TRUE">dBASE Table</formatName></distFormat><distTranOps><transSize Sync="TRUE">0.000</transSize></distTranOps></distInfo>
	<dqInfo>
		<dataLineage>
			<statement>list of all possible data sources used for the airport point locations</statement>
			<prcStep>
				<description>Transport v1 (2005) created by importing GISCO TRAN dataset into updated schema. TRAN_V1 schema contains some feature class/table and field names that were updated to conform to the naming of Transport version 2 (2007). Some relationship classes were also deleted.</description>
			</prcStep>
		</dataLineage>
		<DQConcConsis>
			<measName>Completeness of Dataset</measName>
			<measId>
				<identAuth>
					<resTitle>
					</resTitle>
					<resRefDate>
					</resRefDate>
				</identAuth>
				<identCode>
				</identCode>
			</measId>
			<measDesc>All feature classes and  attribute tables should be present</measDesc>
			<evalMethType>
			</evalMethType>
			<evalMethDesc>Re-application of schema to dataset</evalMethDesc>
			<evalProc>
				<resTitle>
				</resTitle>
				<resRefDate>
				</resRefDate>
			</evalProc>
			<measDateTm>20070821</measDateTm>
			<ConResult>
				<conExpl>All feature classes and attribute tables are present</conExpl>
				<conPass>true</conPass>
			</ConResult>
		</DQConcConsis>
	</dqInfo>
	<eainfo>
		<detailed Name="AIRP_DATA_SRC_CODE_DOM">
			<enttyp>
				<enttypl>AIRP_DATA_SRC_CODE_DOM</enttypl>
				<enttypd>Lookup table for the data source of airport locations</enttypd>
				<enttypt Sync="TRUE">Table</enttypt><enttypc Sync="TRUE">0</enttypc></enttyp>
			<attr><attrlabl Sync="TRUE">OID</attrlabl><attalias Sync="TRUE">OID</attalias><attrtype Sync="TRUE">OID</attrtype><attwidth Sync="TRUE">4</attwidth><atprecis Sync="TRUE">0</atprecis><attscale Sync="TRUE">0</attscale><attrdef Sync="TRUE">Internal feature number.</attrdef><attrdefs Sync="TRUE">Esri</attrdefs><attrdomv><udom Sync="TRUE">Sequential unique whole numbers that are automatically generated.</udom></attrdomv></attr><attr><attrlabl Sync="TRUE">DATA_SRC_I</attrlabl><attalias Sync="TRUE">DATA_SRC_I</attalias><attrtype Sync="TRUE">String</attrtype><attwidth Sync="TRUE">4</attwidth><atprecis Sync="TRUE">0</atprecis><attscale Sync="TRUE">0</attscale></attr><attr><attrlabl Sync="TRUE">DATA_SRC_D</attrlabl><attalias Sync="TRUE">DATA_SRC_D</attalias><attrtype Sync="TRUE">String</attrtype><attwidth Sync="TRUE">254</attwidth><atprecis Sync="TRUE">0</atprecis><attscale Sync="TRUE">0</attscale></attr></detailed>
		<detailed Name="GISCO.AIRP_AT_DATA_SRC_CODE_LU"><enttyp><enttypl Sync="TRUE">GISCO.AIRP_AT_DATA_SRC_CODE_LU</enttypl><enttypt Sync="TRUE">Relationship</enttypt></enttyp></detailed></eainfo>
	<idinfo><native Sync="TRUE">Microsoft Windows XP Version 5.1 (Build 2600) Service Pack 2; ESRI ArcCatalog 9.3.1.3000</native><descript><langdata Sync="TRUE">fr</langdata><abstract>REQUIRED: A brief narrative summary of the data set.</abstract><purpose>REQUIRED: A summary of the intentions with which the data set was developed.</purpose></descript><citation><citeinfo><title Sync="TRUE">GISCO.AIRP_DATA_SRC_CODE_DOM</title><ftname Sync="TRUE">GISCO.AIRP_DATA_SRC_CODE_DOM</ftname><geoform Sync="TRUE">tabular digital data</geoform><onlink Sync="TRUE">Server=anteater.cc.cec.eu.int; Service=port:5153; User=GISCO; Version=SDE.DEFAULT</onlink><origin>REQUIRED: The name of an organization or individual that developed the data set.</origin><pubdate>REQUIRED: The date when the data set is published or otherwise made available for release.</pubdate></citeinfo></citation><natvform Sync="TRUE">SDE Table</natvform><timeperd><current>REQUIRED: The basis on which the time period of content information is determined.</current><timeinfo><sngdate><caldate>REQUIRED: The year (and optionally month, or month and day) for which the data set corresponds to the ground.</caldate></sngdate></timeinfo></timeperd><status><progress>REQUIRED: The state of the data set.</progress><update>REQUIRED: The frequency with which changes and additions are made to the data set after the initial data set is completed.</update></status><spdom><bounding><westbc Sync="TRUE">REQUIRED: Western-most coordinate of the limit of coverage expressed in longitude.</westbc><eastbc Sync="TRUE">REQUIRED: Eastern-most coordinate of the limit of coverage expressed in longitude.</eastbc><northbc Sync="TRUE">REQUIRED: Northern-most coordinate of the limit of coverage expressed in latitude.</northbc><southbc Sync="TRUE">REQUIRED: Southern-most coordinate of the limit of coverage expressed in latitude.</southbc></bounding></spdom><keywords><theme><themekt>REQUIRED: Reference to a formally registered thesaurus or a similar authoritative source of theme keywords.</themekt><themekey>REQUIRED: Common-use word or phrase used to describe the subject of the data set.</themekey></theme></keywords><accconst>REQUIRED: Restrictions and legal prerequisites for accessing the data set.</accconst><useconst>REQUIRED: Restrictions and legal prerequisites for using the data set after access is granted.</useconst></idinfo><metainfo><langmeta Sync="TRUE">fr</langmeta><metstdn Sync="TRUE">FGDC Content Standards for Digital Geospatial Metadata</metstdn><metstdv Sync="TRUE">FGDC-STD-001-1998</metstdv><mettc Sync="TRUE">local time</mettc><metd Sync="TRUE">20100317</metd><metc><cntinfo><cntorgp><cntper>REQUIRED: The person responsible for the metadata information.</cntper><cntorg>REQUIRED: The organization responsible for the metadata information.</cntorg></cntorgp><cntaddr><addrtype>REQUIRED: The mailing and/or physical address for the organization or individual.</addrtype><city>REQUIRED: The city of the address.</city><state>REQUIRED: The state or province of the address.</state><postal>REQUIRED: The ZIP or other postal code of the address.</postal></cntaddr><cntvoice>REQUIRED: The telephone number by which individuals can speak to the organization or individual.</cntvoice></cntinfo></metc></metainfo><mdStanName Sync="TRUE">ISO 19115 Geographic Information - Metadata</mdStanName><mdStanVer Sync="TRUE">DIS_ESRI1.0</mdStanVer><mdHrLv><ScopeCd Sync="TRUE" value="007"></ScopeCd></mdHrLv><mdHrLvName Sync="TRUE">dataset</mdHrLvName><distinfo><resdesc Sync="TRUE">Downloadable Data</resdesc></distinfo><Esri><SyncDate>20150709</SyncDate><SyncTime>14340500</SyncTime><ModDate>20150709</ModDate><ModTime>14340500</ModTime><CreaDate>20150216</CreaDate><CreaTime>08341300</CreaTime><SyncOnce>FALSE</SyncOnce><DataProperties><lineage><Process ToolSource="D:\Program Files\ArcGIS\ArcToolbox\Toolboxes\Data Management Tools.tbx\ChangePrivileges" Date="20100831" Time="113716">ChangePrivileges "Database Connections\Direct@GISCO@anteater.cc.cec.eu.int.sde\GISCO.AIRP_DATA_SRC_CODE_DOM" GISCOVIEW GRANT AS_IS "Database Connections\Direct@GISCO@anteater.cc.cec.eu.int.sde\GISCO.AIRP_DATA_SRC_CODE_DOM"</Process><Process ToolSource="D:\Program Files\ArcGIS\ArcToolbox\Toolboxes\Data Management Tools.tbx\ChangePrivileges" Date="20100901" Time="141126">ChangePrivileges "Database Connections\GISCO production RW.sde\GISCO.AIRP_DATA_SRC_CODE_DOM" GISCOVIEW GRANT AS_IS "Database Connections\GISCO production RW.sde\GISCO.AIRP_DATA_SRC_CODE_DOM"</Process><Process ToolSource="c:\program files (x86)\arcgis\desktop10.1\ArcToolbox\Toolboxes\Data Management Tools.tbx\CopyRows" Date="20141118" Time="121100">CopyRows \\s-tpol\connection-files\PROD\PROD-DIRECT-GISCOVIEW-ARCESTP-11g.sde\GISCO.AIRP_DATA_SRC_CODE_DOM J:\develop\GISCO_db_management\Framework-Contract-2014\SC3\Sources\GISCO_Sources.gdb\AIRP_DATA_SRC_CODE_DOM #</Process><Process ToolSource="c:\program files (x86)\arcgis\desktop10.1\ArcToolbox\Toolboxes\Data Management Tools.tbx\CopyRows" Date="20150709" Time="143406">CopyRows "J:\develop\GISCO_db_management\Framework-Contract-2014\SC2-Airports_Matrix\delivieries\20150413\FINAL DELIVERY-AIRPORTS and DOCUMENTATION\FINAL DELIVERY-AIRPORTS and DOCUMENTATION\AIRP_PT_2014.gdb\AIRP_DATA_SRC_CODE_DOM" J:\develop\JIRA-2015\GISCO-653_Download_packages\Airports_2013\SHAPE\AIRP_DATA_SRC_CODE_DOM.dbf #</Process></lineage><itemProps><itemName Sync="TRUE">AIRP_DATA_SRC_CODE_DOM</itemName><imsContentType Sync="TRUE">002</imsContentType><itemLocation><linkage Sync="TRUE">file://\\s-tlar\development\develop\JIRA-2015\GISCO-653_Download_packages\Airports_2013\SHAPE\AIRP_DATA_SRC_CODE_DOM.dbf</linkage><protocol Sync="TRUE">Local Area Network</protocol></itemLocation><itemSize Sync="TRUE">0.000</itemSize></itemProps></DataProperties><ArcGISFormat>1.0</ArcGISFormat></Esri><dataqual><lineage><procstep><procdesc Sync="TRUE">Metadata imported.</procdesc><srcused Sync="TRUE">J:\develop\metadata\GISCO.AIRP_DATA_SRC_CODE_DOM.xml</srcused><date Sync="TRUE">20081205</date><time Sync="TRUE">12095900</time></procstep><procstep><procdesc Sync="TRUE">Dataset copied.</procdesc><srcused Sync="TRUE">Server=anteater.cc.cec.eu.int; Service=port:5154; User=gisco; Version=SDE.DEFAULT</srcused><procdate Sync="TRUE">20090217</procdate><proctime Sync="TRUE">09004000</proctime></procstep><procstep><procdesc Sync="TRUE">Dataset copied.</procdesc><srcused Sync="TRUE">\\D02DI0616275\E\WorkSpace\GISCODBBackups\20090216_FULL_DEV_BeforeReinstall_RasterIncluded\20090216_DEV.gdb</srcused><procdate Sync="TRUE">20090220</procdate><proctime Sync="TRUE">17042900</proctime></procstep><procstep><procdesc Sync="TRUE">Metadata imported.</procdesc><srcused Sync="TRUE">J:\develop\metadata\20091125-DEV-Contract5\GISCO.AIRP_DATA_SRC_CODE_DOM.xml</srcused><procdate Sync="TRUE">20091126</procdate><proctime Sync="TRUE">10305800</proctime></procstep></lineage></dataqual></metadata>
