<metadata xml:lang="es"><Esri><CreaDate>20150213</CreaDate><CreaTime>09395100</CreaTime><ArcGISFormat>1.0</ArcGISFormat><SyncOnce>FALSE</SyncOnce><DataProperties><lineage><Process ToolSource="c:\program files (x86)\arcgis\desktop10.1\ArcToolbox\Toolboxes\Data Management Tools.tbx\DomainToTable" Date="20141202" Time="114732">DomainToTable C:\EUROSTAT\Aeropuertos\aeropuertos2014.gdb AIRP_USE_ID C:\EUROSTAT\Aeropuertos\aeropuertos2014.gdb\AIRP_USE_DOM AIRP_USE_ID AIRP_USE_DESC #</Process><Process ToolSource="c:\program files (x86)\arcgis\desktop10.1\ArcToolbox\Toolboxes\Data Management Tools.tbx\CopyRows" Date="20150709" Time="143352">CopyRows "J:\develop\GISCO_db_management\Framework-Contract-2014\SC2-Airports_Matrix\delivieries\20150413\FINAL DELIVERY-AIRPORTS and DOCUMENTATION\FINAL DELIVERY-AIRPORTS and DOCUMENTATION\AIRP_PT_2014.gdb\AIRP_USE_DOM" J:\develop\JIRA-2015\GISCO-653_Download_packages\Airports_2013\SHAPE\AIRP_USE_DOM.dbf #</Process></lineage><itemProps><itemLocation><linkage Sync="TRUE">file://\\s-tlar\development\develop\JIRA-2015\GISCO-653_Download_packages\Airports_2013\SHAPE\AIRP_USE_DOM.dbf</linkage><protocol Sync="TRUE">Local Area Network</protocol></itemLocation><itemName Sync="TRUE">AIRP_USE_DOM</itemName><imsContentType Sync="TRUE">002</imsContentType><itemSize Sync="TRUE">0.000</itemSize></itemProps></DataProperties><SyncDate>20150709</SyncDate><SyncTime>14335100</SyncTime><ModDate>20150709</ModDate><ModTime>14335100</ModTime></Esri><dataIdInfo><envirDesc Sync="TRUE">Microsoft Windows 7 Version 6.1 (Build 7601) Service Pack 1; Esri ArcGIS 10.1.1.3143</envirDesc><dataLang><languageCode value="eng" Sync="TRUE"></languageCode><countryCode value="GBR" Sync="TRUE"></countryCode></dataLang><idCitation><resTitle Sync="TRUE">AIRP_USE_DOM</resTitle><presForm><PresFormCd value="011" Sync="TRUE"></PresFormCd></presForm></idCitation><spatRpType><SpatRepTypCd value="003" Sync="TRUE"></SpatRepTypCd></spatRpType></dataIdInfo><mdLang><languageCode value="eng" Sync="TRUE"></languageCode><countryCode value="GBR" Sync="TRUE"></countryCode></mdLang><distInfo><distFormat><formatName Sync="TRUE">dBASE Table</formatName></distFormat><distTranOps><transSize Sync="TRUE">0.000</transSize></distTranOps></distInfo><mdHrLv><ScopeCd value="007" Sync="TRUE"></ScopeCd></mdHrLv><mdHrLvName Sync="TRUE">dataset</mdHrLvName><eainfo><detailed Name="AIRP_USE_DOM"><enttyp><enttypl Sync="TRUE">AIRP_USE_DOM</enttypl><enttypt Sync="TRUE">Table</enttypt><enttypc Sync="TRUE">0</enttypc></enttyp><attr><attrlabl Sync="TRUE">OID</attrlabl><attalias Sync="TRUE">OID</attalias><attrtype Sync="TRUE">OID</attrtype><attwidth Sync="TRUE">4</attwidth><atprecis Sync="TRUE">0</atprecis><attscale Sync="TRUE">0</attscale><attrdef Sync="TRUE">Internal feature number.</attrdef><attrdefs Sync="TRUE">Esri</attrdefs><attrdomv><udom Sync="TRUE">Sequential unique whole numbers that are automatically generated.</udom></attrdomv></attr><attr><attrlabl Sync="TRUE">AIRP_USE_I</attrlabl><attalias Sync="TRUE">AIRP_USE_I</attalias><attrtype Sync="TRUE">Integer</attrtype><attwidth Sync="TRUE">9</attwidth><atprecis Sync="TRUE">9</atprecis><attscale Sync="TRUE">0</attscale></attr><attr><attrlabl Sync="TRUE">AIRP_USE_D</attrlabl><attalias Sync="TRUE">AIRP_USE_D</attalias><attrtype Sync="TRUE">String</attrtype><attwidth Sync="TRUE">254</attwidth><atprecis Sync="TRUE">0</atprecis><attscale Sync="TRUE">0</attscale></attr></detailed></eainfo><mdDateSt Sync="TRUE">20150709</mdDateSt></metadata>
