<metadata xml:lang="es"><Esri><CreaDate>20150709</CreaDate><CreaTime>10312200</CreaTime><ArcGISFormat>1.0</ArcGISFormat><SyncOnce>FALSE</SyncOnce><DataProperties><lineage><Process ToolSource="c:\program files (x86)\arcgis\desktop10.1\ArcToolbox\Toolboxes\Data Management Tools.tbx\CalculateField" Date="20150212" Time="151029" Name="" export="">CalculateField AIRP_PT_2014_working_copy_20150114 AIRP_INTR Y VB #</Process><Process ToolSource="c:\program files (x86)\arcgis\desktop10.1\ArcToolbox\Toolboxes\Data Management Tools.tbx\CalculateField" Date="20150213" Time="120214" Name="" export="">CalculateField AIRP_PT_2014_working_copy_20150213 AIRP_PASS 0 VB #</Process><Process ToolSource="c:\program files (x86)\arcgis\desktop10.1\ArcToolbox\Toolboxes\Data Management Tools.tbx\CalculateField" Date="20150213" Time="120256" Name="" export="">CalculateField AIRP_PT_2014_working_copy_20150213 AIRP_PASS 1 VB #</Process><Process ToolSource="c:\program files (x86)\arcgis\desktop10.1\ArcToolbox\Toolboxes\Data Management Tools.tbx\CalculateField" Date="20150213" Time="120326" Name="" export="">CalculateField AIRP_PT_2014_working_copy_20150213 AIRP_PASS 2 VB #</Process><Process ToolSource="c:\program files (x86)\arcgis\desktop10.1\ArcToolbox\Toolboxes\Data Management Tools.tbx\CalculateField" Date="20150213" Time="135550" Name="" export="">CalculateField AIRP_PT_2014_working_copy_20150213 AIRP_INTR "Y" VB #</Process><Process ToolSource="c:\program files (x86)\arcgis\desktop10.1\ArcToolbox\Toolboxes\Data Management Tools.tbx\CalculateField" Date="20150218" Time="121303" Name="" export="">CalculateField AIRPT_PT_2014 AIRP_GROUP "A" VB #</Process><Process ToolSource="c:\program files (x86)\arcgis\desktop10.1\ArcToolbox\Toolboxes\Data Management Tools.tbx\CalculateField" Date="20150218" Time="121646" Name="" export="">CalculateField AIRPT_PT_2014 AIRP_GROUP "B" VB #</Process><Process ToolSource="c:\program files (x86)\arcgis\desktop10.1\ArcToolbox\Toolboxes\Data Management Tools.tbx\CalculateField" Date="20150218" Time="122702" Name="" export="">CalculateField AIRPT_PT_2014 AIRP_GROUP "A" VB #</Process><Process ToolSource="c:\program files (x86)\arcgis\desktop10.1\ArcToolbox\Toolboxes\Data Management Tools.tbx\CalculateField" Date="20150218" Time="123552" Name="" export="">CalculateField AIRPT_PT_2014 AIRP_GROUP "C" VB #</Process><Process ToolSource="c:\program files (x86)\arcgis\desktop10.1\ArcToolbox\Toolboxes\Data Management Tools.tbx\CalculateField" Date="20150218" Time="124219" Name="" export="">CalculateField AIRPT_PT_2014 AIRP_INTR "Y" VB #</Process><Process ToolSource="c:\program files (x86)\arcgis\desktop10.1\ArcToolbox\Toolboxes\Data Management Tools.tbx\CalculateField" Date="20150304" Time="104041" Name="" export="">CalculateField AIRPT_PT_2014 AIRP_ID [OBJECTID] VB #</Process><Process ToolSource="c:\program files (x86)\arcgis\desktop10.1\ArcToolbox\Toolboxes\Data Management Tools.tbx\CalculateField" Date="20150304" Time="111651" Name="" export="">CalculateField AIRPT_PT_2014 AIRP_ID [OBJECTID] VB #</Process><Process ToolSource="c:\program files (x86)\arcgis\desktop10.1\ArcToolbox\Toolboxes\Data Management Tools.tbx\CalculateField" Date="20150304" Time="130852" Name="" export="">CalculateField AIRPT_PT_2014 AIRP_CITY [AIRP_NAME_ASCI] VB #</Process><Process ToolSource="c:\program files (x86)\arcgis\desktop10.1\ArcToolbox\Toolboxes\Data Management Tools.tbx\CalculateField" Date="20150304" Time="132544" Name="" export="">CalculateField AIRPT_PT_2014 AIRP_ICRG_CODE Mid( [AIRP_ICAO_ID], 1,2 ) VB #</Process><Process ToolSource="c:\program files (x86)\arcgis\desktop10.1\ArcToolbox\Toolboxes\Data Management Tools.tbx\CalculateField" Date="20150305" Time="111818" Name="" export="">CalculateField AIRPT_PT_2014 PUBL_FLAG Y VB #</Process><Process ToolSource="c:\program files (x86)\arcgis\desktop10.1\ArcToolbox\Toolboxes\Data Management Tools.tbx\CalculateField" Date="20150305" Time="111910" Name="" export="">CalculateField AIRPT_PT_2014 PUBL_FLAG Y VB #</Process><Process ToolSource="c:\program files (x86)\arcgis\desktop10.1\ArcToolbox\Toolboxes\Data Management Tools.tbx\CalculateField" Date="20150305" Time="115215" Name="" export="">CalculateField AIRPT_PT_2014 AIRP_OWNR PU VB #</Process><Process ToolSource="c:\program files (x86)\arcgis\desktop10.1\ArcToolbox\Toolboxes\Data Management Tools.tbx\CalculateField" Date="20150305" Time="122725" Name="" export="">CalculateField AIRPT_PT_2014 AIRP_OWNR ND VB #</Process><Process ToolSource="c:\program files (x86)\arcgis\desktop10.1\ArcToolbox\Toolboxes\Data Management Tools.tbx\CalculateField" Date="20150305" Time="124353" Name="" export="">CalculateField AIRPT_PT_2014 AIRP_USE 6 VB #</Process><Process ToolSource="c:\program files (x86)\arcgis\desktop10.1\ArcToolbox\Toolboxes\Data Management Tools.tbx\CalculateField" Date="20150305" Time="124536" Name="" export="">CalculateField AIRPT_PT_2014 AIRP_LAND A VB #</Process><Process ToolSource="c:\program files (x86)\arcgis\desktop10.1\ArcToolbox\Toolboxes\Data Management Tools.tbx\CalculateField" Date="20150305" Time="124548" Name="" export="">CalculateField AIRPT_PT_2014 AIRP_LAND "A" VB #</Process><Process ToolSource="c:\program files (x86)\arcgis\desktop10.1\ArcToolbox\Toolboxes\Data Management Tools.tbx\CalculateField" Date="20150305" Time="124810" Name="" export="">CalculateField AIRPT_PT_2014 AIRP_TRAF "A" VB #</Process><Process ToolSource="c:\program files (x86)\arcgis\desktop10.1\ArcToolbox\Toolboxes\Data Management Tools.tbx\CalculateField" Date="20150305" Time="125049" Name="" export="">CalculateField AIRPT_PT_2014 IFR "Y" VB #</Process><Process ToolSource="c:\program files (x86)\arcgis\desktop10.1\ArcToolbox\Toolboxes\Data Management Tools.tbx\CalculateField" Date="20150305" Time="125211" Name="" export="">CalculateField AIRPT_PT_2014 VFR "Y" VB #</Process><Process ToolSource="c:\program files (x86)\arcgis\desktop10.1\ArcToolbox\Toolboxes\Data Management Tools.tbx\CalculateField" Date="20150305" Time="130040" Name="" export="">CalculateField AIRPT_PT_2014 AIRP_HIER 1 VB #</Process><Process ToolSource="c:\program files (x86)\arcgis\desktop10.1\ArcToolbox\Toolboxes\Data Management Tools.tbx\CalculateField" Date="20150306" Time="084903" Name="" export="">CalculateField AIRPT_PT_2014 AIRP_LAND "H" VB #</Process><Process ToolSource="c:\program files (x86)\arcgis\desktop10.1\ArcToolbox\Toolboxes\Data Management Tools.tbx\CalculateField" Date="20150306" Time="085027" Name="" export="">CalculateField AIRPT_PT_2014 AIRP_LAND "H" VB #</Process><Process ToolSource="c:\program files (x86)\arcgis\desktop10.1\ArcToolbox\Toolboxes\Data Management Tools.tbx\CalculateField" Date="20150306" Time="085037" Name="" export="">CalculateField AIRPT_PT_2014 AIRP_TRAF "H" VB #</Process><Process ToolSource="c:\program files (x86)\arcgis\desktop10.1\ArcToolbox\Toolboxes\Data Management Tools.tbx\CalculateField" Date="20150407" Time="155501" Name="" export="">CalculateField AIRPT_PT_2014 AIRP_NAME_ASCI UCase( [AIRP_NAME_ASCI] ) VB #</Process><Process ToolSource="c:\program files (x86)\arcgis\desktop10.1\ArcToolbox\Toolboxes\Data Management Tools.tbx\CalculateField" Date="20150407" Time="160134" Name="" export="">CalculateField AIRPT_PT_2014 AIRP_CITY !AIRP_CITY!.title() PYTHON_9.3 #</Process><Process ToolSource="c:\program files (x86)\arcgis\desktop10.1\ArcToolbox\Toolboxes\Data Management Tools.tbx\ChangePrivileges" Date="20150504" Time="112249" Name="" export="">ChangePrivileges \\s-tpol\connection-files\DEV\DEV-SDE-GISCO.sde\AIRPT_PT_2014 giscoread GRANT AS_IS</Process><Process ToolSource="c:\program files (x86)\arcgis\desktop10.1\ArcToolbox\Toolboxes\Data Management Tools.tbx\CalculateField" Date="20150708" Time="170209" Name="" export="">CalculateField GISCO.AIRPT_PT_2014 AIRP_GETIS N VB #</Process><Process ToolSource="c:\program files (x86)\arcgis\desktop10.1\ArcToolbox\Toolboxes\Data Management Tools.tbx\CalculateField" Date="20150708" Time="170232" Name="" export="">CalculateField GISCO.AIRPT_PT_2014 AIRP_GETIS "N" VB #</Process></lineage><itemProps><itemLocation><linkage Sync="TRUE">file://\\s-tlar\development\develop\JIRA-2015\GISCO-653_Download_packages\Airports_2013\SHAPE\AIRP_PT_2013.shp</linkage><protocol Sync="TRUE">Local Area Network</protocol></itemLocation><itemName Sync="TRUE">AIRP_PT_2013</itemName><nativeExtBox><westBL Sync="TRUE">-69.388730</westBL><eastBL Sync="TRUE">102.490510</eastBL><southBL Sync="TRUE">-21.319414</southBL><northBL Sync="TRUE">78.927530</northBL><exTypeCode Sync="TRUE">1</exTypeCode></nativeExtBox><imsContentType Sync="TRUE">002</imsContentType><itemSize Sync="TRUE">0.076</itemSize></itemProps><coordRef><type Sync="TRUE">Geographic</type><geogcsn Sync="TRUE">GCS_ETRS_1989</geogcsn><csUnits Sync="TRUE">Angular Unit: Degree (0.017453)</csUnits><peXml Sync="TRUE">&lt;GeographicCoordinateSystem xsi:type='typens:GeographicCoordinateSystem' xmlns:xsi='http://www.w3.org/2001/XMLSchema-instance' xmlns:xs='http://www.w3.org/2001/XMLSchema' xmlns:typens='http://www.esri.com/schemas/ArcGIS/10.1'&gt;&lt;WKT&gt;GEOGCS[&amp;quot;GCS_ETRS_1989&amp;quot;,DATUM[&amp;quot;D_ETRS_1989&amp;quot;,SPHEROID[&amp;quot;GRS_1980&amp;quot;,6378137.0,298.257222101]],PRIMEM[&amp;quot;Greenwich&amp;quot;,0.0],UNIT[&amp;quot;Degree&amp;quot;,0.0174532925199433],AUTHORITY[&amp;quot;EPSG&amp;quot;,4258]]&lt;/WKT&gt;&lt;XOrigin&gt;-400&lt;/XOrigin&gt;&lt;YOrigin&gt;-400&lt;/YOrigin&gt;&lt;XYScale&gt;11258999068426.238&lt;/XYScale&gt;&lt;ZOrigin&gt;-100000&lt;/ZOrigin&gt;&lt;ZScale&gt;10000&lt;/ZScale&gt;&lt;MOrigin&gt;-100000&lt;/MOrigin&gt;&lt;MScale&gt;10000&lt;/MScale&gt;&lt;XYTolerance&gt;8.9831528411952133e-009&lt;/XYTolerance&gt;&lt;ZTolerance&gt;0.001&lt;/ZTolerance&gt;&lt;MTolerance&gt;0.001&lt;/MTolerance&gt;&lt;HighPrecision&gt;true&lt;/HighPrecision&gt;&lt;LeftLongitude&gt;-180&lt;/LeftLongitude&gt;&lt;WKID&gt;4258&lt;/WKID&gt;&lt;LatestWKID&gt;4258&lt;/LatestWKID&gt;&lt;/GeographicCoordinateSystem&gt;</peXml></coordRef></DataProperties><SyncDate>20151016</SyncDate><SyncTime>16152600</SyncTime><ModDate>20151016</ModDate><ModTime>16165000</ModTime><scaleRange><minScale>5000000</minScale><maxScale>50000</maxScale></scaleRange><ArcGISProfile>INSPIRE</ArcGISProfile><ArcGISstyle>GISCO Metadata Editor 2012</ArcGISstyle></Esri><eainfo><detailed Name="AIRP_PT_2013" xmlns=""><enttyp><enttypl Sync="TRUE">AIRP_PT_2013</enttypl><enttypt Sync="TRUE">Feature Class</enttypt><enttypc Sync="TRUE">2847</enttypc></enttyp><attr xmlns=""><attrlabl Sync="TRUE">OBJECTID</attrlabl><attalias Sync="TRUE">OBJECTID</attalias><attrtype Sync="TRUE">Double</attrtype><attwidth Sync="TRUE">10</attwidth><atprecis Sync="TRUE">10</atprecis><attscale Sync="TRUE">0</attscale><attrdef Sync="TRUE">Internal feature number.</attrdef><attrdefs Sync="TRUE">Esri</attrdefs><attrdomv><udom Sync="TRUE">Sequential unique whole numbers that are automatically generated.</udom></attrdomv></attr><attr xmlns=""><attrlabl Sync="TRUE">AIRP_HIER</attrlabl><attalias Sync="TRUE">AIRP_HIER</attalias><attrtype Sync="TRUE">Double</attrtype><attwidth Sync="TRUE">10</attwidth><atprecis Sync="TRUE">10</atprecis><attscale Sync="TRUE">0</attscale></attr><attr xmlns=""><attrlabl Sync="TRUE">FID</attrlabl><attalias Sync="TRUE">FID</attalias><attrtype Sync="TRUE">OID</attrtype><attwidth Sync="TRUE">4</attwidth><atprecis Sync="TRUE">0</atprecis><attscale Sync="TRUE">0</attscale><attrdef Sync="TRUE">Internal feature number.</attrdef><attrdefs Sync="TRUE">Esri</attrdefs><attrdomv><udom Sync="TRUE">Sequential unique whole numbers that are automatically generated.</udom></attrdomv></attr><attr xmlns=""><attrlabl Sync="TRUE">CNTR_CODE</attrlabl><attalias Sync="TRUE">CNTR_CODE</attalias><attrtype Sync="TRUE">String</attrtype><attwidth Sync="TRUE">2</attwidth><atprecis Sync="TRUE">0</atprecis><attscale Sync="TRUE">0</attscale></attr><attr xmlns=""><attrlabl Sync="TRUE">IATA_CODE</attrlabl><attalias Sync="TRUE">IATA_CODE</attalias><attrtype Sync="TRUE">String</attrtype><attwidth Sync="TRUE">3</attwidth><atprecis Sync="TRUE">0</atprecis><attscale Sync="TRUE">0</attscale></attr><attr xmlns=""><attrlabl Sync="TRUE">AIRP_ICAO_</attrlabl><attalias Sync="TRUE">AIRP_ICAO_</attalias><attrtype Sync="TRUE">String</attrtype><attwidth Sync="TRUE">4</attwidth><atprecis Sync="TRUE">0</atprecis><attscale Sync="TRUE">0</attscale></attr><attr xmlns=""><attrlabl Sync="TRUE">AIRP_PASS</attrlabl><attalias Sync="TRUE">AIRP_PASS</attalias><attrtype Sync="TRUE">Double</attrtype><attwidth Sync="TRUE">10</attwidth><atprecis Sync="TRUE">10</atprecis><attscale Sync="TRUE">0</attscale></attr><attr xmlns=""><attrlabl Sync="TRUE">AIRP_NAME_</attrlabl><attalias Sync="TRUE">AIRP_NAME_</attalias><attrtype Sync="TRUE">String</attrtype><attwidth Sync="TRUE">100</attwidth><atprecis Sync="TRUE">0</atprecis><attscale Sync="TRUE">0</attscale></attr><attr xmlns=""><attrlabl Sync="TRUE">PUBL_FLAG</attrlabl><attalias Sync="TRUE">PUBL_FLAG</attalias><attrtype Sync="TRUE">String</attrtype><attwidth Sync="TRUE">1</attwidth><atprecis Sync="TRUE">0</atprecis><attscale Sync="TRUE">0</attscale></attr><attr xmlns=""><attrlabl Sync="TRUE">AIRP_ICRG_</attrlabl><attalias Sync="TRUE">AIRP_ICRG_</attalias><attrtype Sync="TRUE">String</attrtype><attwidth Sync="TRUE">2</attwidth><atprecis Sync="TRUE">0</atprecis><attscale Sync="TRUE">0</attscale></attr><attr xmlns=""><attrlabl Sync="TRUE">IFR</attrlabl><attalias Sync="TRUE">IFR</attalias><attrtype Sync="TRUE">String</attrtype><attwidth Sync="TRUE">1</attwidth><atprecis Sync="TRUE">0</atprecis><attscale Sync="TRUE">0</attscale></attr><attr xmlns=""><attrlabl Sync="TRUE">VFR</attrlabl><attalias Sync="TRUE">VFR</attalias><attrtype Sync="TRUE">String</attrtype><attwidth Sync="TRUE">1</attwidth><atprecis Sync="TRUE">0</atprecis><attscale Sync="TRUE">0</attscale></attr><attr xmlns=""><attrlabl Sync="TRUE">AIRP_OWNR</attrlabl><attalias Sync="TRUE">AIRP_OWNR</attalias><attrtype Sync="TRUE">String</attrtype><attwidth Sync="TRUE">2</attwidth><atprecis Sync="TRUE">0</atprecis><attscale Sync="TRUE">0</attscale></attr><attr xmlns=""><attrlabl Sync="TRUE">AIRP_LAND</attrlabl><attalias Sync="TRUE">AIRP_LAND</attalias><attrtype Sync="TRUE">String</attrtype><attwidth Sync="TRUE">1</attwidth><atprecis Sync="TRUE">0</atprecis><attscale Sync="TRUE">0</attscale></attr><attr xmlns=""><attrlabl Sync="TRUE">AIRP_TRAF</attrlabl><attalias Sync="TRUE">AIRP_TRAF</attalias><attrtype Sync="TRUE">String</attrtype><attwidth Sync="TRUE">1</attwidth><atprecis Sync="TRUE">0</atprecis><attscale Sync="TRUE">0</attscale></attr><attr xmlns=""><attrlabl Sync="TRUE">AIRP_INTR</attrlabl><attalias Sync="TRUE">AIRP_INTR</attalias><attrtype Sync="TRUE">String</attrtype><attwidth Sync="TRUE">1</attwidth><atprecis Sync="TRUE">0</atprecis><attscale Sync="TRUE">0</attscale></attr><attr xmlns=""><attrlabl Sync="TRUE">AIRP_CITY</attrlabl><attalias Sync="TRUE">AIRP_CITY</attalias><attrtype Sync="TRUE">String</attrtype><attwidth Sync="TRUE">100</attwidth><atprecis Sync="TRUE">0</atprecis><attscale Sync="TRUE">0</attscale></attr><attr xmlns=""><attrlabl Sync="TRUE">ALT</attrlabl><attalias Sync="TRUE">ALT</attalias><attrtype Sync="TRUE">Double</attrtype><attwidth Sync="TRUE">10</attwidth><atprecis Sync="TRUE">10</atprecis><attscale Sync="TRUE">0</attscale></attr><attr xmlns=""><attrlabl Sync="TRUE">SHAPE</attrlabl><attalias Sync="TRUE">Shape</attalias><attrtype Sync="TRUE">Geometry</attrtype><attwidth Sync="TRUE">0</attwidth><atprecis Sync="TRUE">0</atprecis><attscale Sync="TRUE">0</attscale><attrdef Sync="TRUE">Feature geometry.</attrdef><attrdefs Sync="TRUE">Esri</attrdefs><attrdomv><udom Sync="TRUE">Coordinates defining the features.</udom></attrdomv></attr><attr xmlns=""><attrlabl Sync="TRUE">LAT_EUR</attrlabl><attalias Sync="TRUE">LAT_EUR</attalias><attrtype Sync="TRUE">Double</attrtype><attwidth Sync="TRUE">19</attwidth><atprecis Sync="TRUE">18</atprecis><attscale Sync="TRUE">8</attscale></attr><attr xmlns=""><attrlabl Sync="TRUE">LON_EUR</attrlabl><attalias Sync="TRUE">LON_EUR</attalias><attrtype Sync="TRUE">Double</attrtype><attwidth Sync="TRUE">19</attwidth><atprecis Sync="TRUE">18</atprecis><attscale Sync="TRUE">8</attscale></attr><attr xmlns=""><attrlabl Sync="TRUE">AIRP_USE</attrlabl><attalias Sync="TRUE">AIRP_USE</attalias><attrtype Sync="TRUE">Double</attrtype><attwidth Sync="TRUE">10</attwidth><atprecis Sync="TRUE">10</atprecis><attscale Sync="TRUE">0</attscale></attr><attr xmlns=""><attrlabl Sync="TRUE">AIRP_GROUP</attrlabl><attalias Sync="TRUE">AIRP_GROUP</attalias><attrtype Sync="TRUE">String</attrtype><attwidth Sync="TRUE">1</attwidth><atprecis Sync="TRUE">0</atprecis><attscale Sync="TRUE">0</attscale></attr><attr xmlns=""><attrlabl Sync="TRUE">AIRP_GETIS</attrlabl><attalias Sync="TRUE">AIRP_GETIS</attalias><attrtype Sync="TRUE">String</attrtype><attwidth Sync="TRUE">1</attwidth><atprecis Sync="TRUE">0</atprecis><attscale Sync="TRUE">0</attscale></attr><attr xmlns=""><attrlabl Sync="TRUE">AIRP_ID</attrlabl><attalias Sync="TRUE">AIRP_ID</attalias><attrtype Sync="TRUE">Double</attrtype><attwidth Sync="TRUE">10</attwidth><atprecis Sync="TRUE">10</atprecis><attscale Sync="TRUE">0</attscale></attr><subtype><stname Sync="TRUE">Main</stname><stcode Sync="TRUE">1</stcode></subtype><subtype><stname Sync="TRUE">Other</stname><stcode Sync="TRUE">2</stcode></subtype><attr xmlns=""><attrlabl Sync="TRUE">AIRP_LCOV_</attrlabl><attalias Sync="TRUE">AIRP_LCOV_</attalias><attrtype Sync="TRUE">Double</attrtype><attwidth Sync="TRUE">10</attwidth><atprecis Sync="TRUE">10</atprecis><attscale Sync="TRUE">0</attscale></attr></detailed></eainfo><mdFileID>352fc1c0-e9a4-4837-a4be-0b48f49b081d</mdFileID><mdLang><languageCode value="eng"/><countryCode value="GBR" Sync="TRUE"/></mdLang><mdChar><CharSetCd value="004"/></mdChar><mdHrLvName Sync="TRUE">dataset</mdHrLvName><mdDateSt Sync="TRUE">20151016</mdDateSt><mdStanName>ArcGIS Metadata</mdStanName><mdStanVer>1.0</mdStanVer><distInfo><distFormat><formatName Sync="TRUE">Shapefile</formatName></distFormat><distTranOps><transSize Sync="TRUE">0.076</transSize></distTranOps></distInfo><dataIdInfo><idCitation><resTitle Sync="TRUE">AIRP_PT_2013</resTitle><date><createDate>20150408</createDate></date><citId><identCode>AIRP_ICAO_ID</identCode></citId><presForm><PresFormCd value="005"/></presForm></idCitation><idAbs>&lt;DIV STYLE="text-align:Left;"&gt;&lt;DIV&gt;&lt;DIV&gt;&lt;P&gt;&lt;SPAN&gt;This data set should be bibliographically referred to as the "GISCO Airports 201&lt;/SPAN&gt;&lt;SPAN&gt;3 &lt;/SPAN&gt;&lt;SPAN&gt;dataset". It contains 3 feature classes with the location of over 11800 Pan European airports and heliports, plus one attribute table and 5 domain tables. The airports are identified using the International Civil Aviation Organisation (ICAO) airport codes. The dataset was first created as GISCO Airports 2006. It was&lt;/SPAN&gt;&lt;SPAN&gt;then&lt;/SPAN&gt;&lt;SPAN&gt;updated in 2009 based on EuroRegionalMap (ERM) v3.0 from EuroGeographics. The GISCO Airports 201&lt;/SPAN&gt;&lt;SPAN&gt;3&lt;/SPAN&gt;&lt;SPAN&gt; dataset hosts three related feature classes: -AIRP_PT_2014: All airports and some heliports are represented by point topology, consisting of 11687 features. The point coordinates and most of the attributes in this feature class are based on the Eurocontrol database, complemented with other sources for the EU territories not covered by Eurocontrol.There are a number of basic attributes for each airport, such as different identification codes, airport name, altitude, etc. The GISCO airports geodatabase was restructured and its attributes updated from the previous version, changing the structure of the geodatabase. Some of the differences are:-Added a new attribute called AIRP_GROUP (char 1) in AIRP_PT_201&lt;/SPAN&gt;&lt;SPAN&gt;3&lt;/SPAN&gt;&lt;SPAN&gt; to flag to which group of countries belongs each airport.-Added a new field called AIRP_GETIS in AIRP_PT_201&lt;/SPAN&gt;&lt;SPAN&gt;3&lt;/SPAN&gt;&lt;SPAN&gt; to flag GETIS DB airports.-Eliminated feature class TEN as it does not give any added value to the data delivered.Among the attributes included in the GISCO Airports 201&lt;/SPAN&gt;&lt;SPAN&gt;3&lt;/SPAN&gt;&lt;SPAN&gt;, one is especially relevant for the European Commission: "AIR_PASS" is an airport categorisation according to the regulation 437/2003 (statistical returns in respect of the carriage of passengers, freight and mail by air). All airports listed in the regulation have been included in GISCO Airports 201&lt;/SPAN&gt;&lt;SPAN&gt;3&lt;/SPAN&gt;&lt;SPAN&gt;. All these airports reported to Eurostat were used in 2010 by over 15000 passengers per year. Dataset coverage is geographical Europe plus territories administrated by European countries.&lt;/SPAN&gt;&lt;/P&gt;&lt;/DIV&gt;&lt;/DIV&gt;&lt;/DIV&gt;</idAbs><idPoC xmlns=""><rpOrgName>European Commission, Eurostat (ESTAT), GISCO</rpOrgName><rpCntInfo><cntAddress addressType=""><eMailAdd>estat-gisco@ec.europa.eu</eMailAdd></cntAddress></rpCntInfo><role><RoleCd value="007"/></role></idPoC><resConst><LegConsts><accessConsts><RestrictCd value="008"/></accessConsts><othConsts>No commercial use is permitted</othConsts></LegConsts></resConst><resConst><Consts><useLimit>The datasets have been created for cartographic purposes.</useLimit></Consts></resConst><spatRpType><SpatRepTypCd value="001"/></spatRpType><dataScale xmlns=""><equScale><rfDenom>1000000</rfDenom></equScale><scaleDist><value uom="Km"/></scaleDist></dataScale><dataLang><languageCode value="eng"/><countryCode value="GBR" Sync="TRUE"/></dataLang><dataChar><CharSetCd value="004"/></dataChar><envirDesc Sync="TRUE">Microsoft Windows 7 Version 6.1 (Build 7601) Service Pack 1; Esri ArcGIS 10.1.1.3143</envirDesc><dataExt xmlns=""><geoEle xmlns=""><GeoBndBox><exTypeCode>true</exTypeCode><westBL>-179.876999</westBL><eastBL>179.9756</eastBL><southBL>-54.932012</southBL><northBL>82.5177</northBL></GeoBndBox></geoEle></dataExt><dataExt xmlns=""><geoEle xmlns=""><GeoBndBox esriExtentType="search"><exTypeCode Sync="TRUE">1</exTypeCode><westBL Sync="TRUE">-69.388730</westBL><eastBL Sync="TRUE">102.490510</eastBL><northBL Sync="TRUE">78.927530</northBL><southBL Sync="TRUE">-21.319414</southBL></GeoBndBox></geoEle></dataExt><themeKeys xmlns=""><thesaName xmlns=""><resTitle>GEMET - INSPIRE themes, version 1.0</resTitle><date><pubDate>2008-01-06T00:00:00</pubDate></date></thesaName><keyword>Transport networks</keyword></themeKeys><tpCat><TopicCatCd value="018"/></tpCat></dataIdInfo><dqInfo xmlns=""><dataLineage><statement>The dataset was first created as GISCO Airports 2006. It was updated in 2009 based on EuroRegionalMap (ERM) v3.0 from EuroGeographics. The main airport point feature dataset: AIRP_PT_2010 has been intersected against the polygons from the Corine land Cover (CLC) 2006 dataset against dataset. We obtained the following results: -1387 matched against CLC and were correct. -1465 airports did not match with CLC. -765 airports were manually repositioned. -20 airports were not identified neither against CLC and visually. -680 airports did not match with CLC and were visually checked and had the right location. This last version has been updated to date 2014. Most of the airport points were derived from the EuroControl database and existing GISCO airports data. Supplementary sources included GETIS database Google maps and open data on the web. The Airport point sources provided the point coordinates and many attributes. Other attribute sources were Google maps API and “Elevation service” provided by Google and several internet sources. </statement></dataLineage></dqInfo><spatRepInfo><VectSpatRep><geometObjs Name="AIRP_PT_2013"><geoObjTyp><GeoObjTypCd value="004" Sync="TRUE"/></geoObjTyp><geoObjCnt Sync="TRUE">2847</geoObjCnt></geometObjs><topLvl><TopoLevCd value="001" Sync="TRUE"/></topLvl></VectSpatRep></spatRepInfo><refSysInfo><RefSystem><refSysID><idCodeSpace Sync="TRUE">EPSG</idCodeSpace><idVersion Sync="TRUE">7.11.2</idVersion><identCode code="4258" Sync="TRUE"/></refSysID></RefSystem></refSysInfo><mdHrLv><ScopeCd value="005" Sync="TRUE"/></mdHrLv><spdoinfo><ptvctinf><esriterm Name="AIRP_PT_2013"><efeatyp Sync="TRUE">Simple</efeatyp><efeageom code="1" Sync="TRUE"/><esritopo Sync="TRUE">FALSE</esritopo><efeacnt Sync="TRUE">2847</efeacnt><spindex Sync="TRUE">TRUE</spindex><linrefer Sync="TRUE">FALSE</linrefer></esriterm></ptvctinf></spdoinfo><mdContact xmlns=""><rpOrgName>European Commission, Eurostat (ESTAT), GISCO</rpOrgName><rpCntInfo><cntAddress addressType=""><eMailAdd>estat-gisco@ec.europa.eu</eMailAdd></cntAddress></rpCntInfo></mdContact></metadata>
