<?xml version="1.0"?>
<!--<!DOCTYPE metadata SYSTEM "http://www.esri.com/metadata/esriprof80.dtd">-->
<metadata xml:lang="en"><Esri><MetaID>{1C9F90A4-E02C-47CD-ABF5-3C0C5DC07797}</MetaID><CreaDate>20081128</CreaDate><CreaTime>17125700</CreaTime><SyncOnce>FALSE</SyncOnce><SyncDate>20081128</SyncDate><SyncTime>17125700</SyncTime><ModDate>20081128</ModDate><ModTime>17125700</ModTime><DataProperties><lineage><Process Name="TableToTable_7" ToolSource="D:\Program Files\ArcGIS\ArcToolbox\Toolboxes\Conversion Tools.tbx\TableToTable" Date="20081128" Time="171257">TableToTable "J:\dissemination\Public (free download)\AIRP\PGDB\data\AIRP.mdb\AIRP_OWNR_DOM" "J:\dissemination\Public (free download)\AIRP\shape\data" AIRP_OWNR_DOM.dbf # "AIRP_OWNR_ID AIRP_OWNR_ID true true false 2 Text 0 0 ,First,#,J:\dissemination\Public (free download)\AIRP\PGDB\data\AIRP.mdb\AIRP_OWNR_DOM,AIRP_OWNR_ID,-1,-1;AIRP_OWNR_DESC AIRP_OWNR_DESC true true false 30 Text 0 0 ,First,#,J:\dissemination\Public (free download)\AIRP\PGDB\data\AIRP.mdb\AIRP_OWNR_DOM,AIRP_OWNR_DESC,-1,-1" # "J:\dissemination\Public (free download)\AIRP\shape\data\AIRP_OWNR_DOM.dbf"</Process></lineage></DataProperties></Esri><idinfo><native Sync="TRUE">Microsoft Windows XP Version 5.1 (Build 2600) Service Pack 2; ESRI ArcCatalog 9.2.6.1500</native><descript><langdata Sync="TRUE">en</langdata><abstract>REQUIRED: A brief narrative summary of the data set.</abstract><purpose>REQUIRED: A summary of the intentions with which the data set was developed.</purpose></descript><citation><citeinfo><origin>REQUIRED: The name of an organization or individual that developed the data set.</origin><pubdate>REQUIRED: The date when the data set is published or otherwise made available for release.</pubdate><title Sync="TRUE">AIRP_OWNR_DOM</title><ftname Sync="TRUE">AIRP_OWNR_DOM</ftname><geoform Sync="TRUE">tabular digital data</geoform><onlink Sync="TRUE">\\s-troi\gisco\dissemination\Public (free download)\AIRP\shape\data\AIRP_OWNR_DOM.dbf</onlink></citeinfo></citation><timeperd><current>REQUIRED: The basis on which the time period of content information is determined.</current><timeinfo><sngdate><caldate>REQUIRED: The year (and optionally month, or month and day) for which the data set corresponds to the ground.</caldate></sngdate></timeinfo></timeperd><status><progress>REQUIRED: The state of the data set.</progress><update>REQUIRED: The frequency with which changes and additions are made to the data set after the initial data set is completed.</update></status><spdom><bounding><westbc Sync="TRUE">REQUIRED: Western-most coordinate of the limit of coverage expressed in longitude.</westbc><eastbc Sync="TRUE">REQUIRED: Eastern-most coordinate of the limit of coverage expressed in longitude.</eastbc><northbc Sync="TRUE">REQUIRED: Northern-most coordinate of the limit of coverage expressed in latitude.</northbc><southbc Sync="TRUE">REQUIRED: Southern-most coordinate of the limit of coverage expressed in latitude.</southbc></bounding></spdom><keywords><theme><themekt>REQUIRED: Reference to a formally registered thesaurus or a similar authoritative source of theme keywords.</themekt><themekey>REQUIRED: Common-use word or phrase used to describe the subject of the data set.</themekey></theme></keywords><accconst>REQUIRED: Restrictions and legal prerequisites for accessing the data set.</accconst><useconst>REQUIRED: Restrictions and legal prerequisites for using the data set after access is granted.</useconst><natvform Sync="TRUE">dBASE Table</natvform></idinfo><dataIdInfo><envirDesc Sync="TRUE">Microsoft Windows XP Version 5.1 (Build 2600) Service Pack 2; ESRI ArcCatalog 9.2.6.1500</envirDesc><dataLang><languageCode Sync="TRUE" value="en"></languageCode></dataLang><idCitation><resTitle Sync="TRUE">AIRP_OWNR_DOM</resTitle><presForm><PresFormCd Sync="TRUE" value="011"></PresFormCd></presForm></idCitation></dataIdInfo><metainfo><langmeta Sync="TRUE">en</langmeta><metstdn Sync="TRUE">FGDC Content Standards for Digital Geospatial Metadata</metstdn><metstdv Sync="TRUE">FGDC-STD-001-1998</metstdv><mettc Sync="TRUE">local time</mettc><metextns><onlink Sync="TRUE">http://www.esri.com/metadata/esriprof80.html</onlink><metprof Sync="TRUE">ESRI Metadata Profile</metprof></metextns><metc><cntinfo><cntorgp><cntper>REQUIRED: The person responsible for the metadata information.</cntper><cntorg>REQUIRED: The organization responsible for the metadata information.</cntorg></cntorgp><cntaddr><addrtype>REQUIRED: The mailing and/or physical address for the organization or individual.</addrtype><city>REQUIRED: The city of the address.</city><state>REQUIRED: The state or province of the address.</state><postal>REQUIRED: The ZIP or other postal code of the address.</postal></cntaddr><cntvoice>REQUIRED: The telephone number by which individuals can speak to the organization or individual.</cntvoice></cntinfo></metc><metd Sync="TRUE">20081128</metd></metainfo><mdLang><languageCode Sync="TRUE" value="en"></languageCode></mdLang><mdStanName Sync="TRUE">ISO 19115 Geographic Information - Metadata</mdStanName><mdStanVer Sync="TRUE">DIS_ESRI1.0</mdStanVer><mdChar><CharSetCd Sync="TRUE" value="004"></CharSetCd></mdChar><mdHrLv><ScopeCd Sync="TRUE" value="005"></ScopeCd></mdHrLv><mdHrLvName Sync="TRUE">dataset</mdHrLvName><distinfo><resdesc Sync="TRUE">Downloadable Data</resdesc><stdorder><digform><digtinfo><transize Sync="TRUE">0.000</transize><dssize Sync="TRUE">0.000</dssize></digtinfo></digform></stdorder></distinfo><distInfo><distributor><distorTran><onLineSrc><orDesc Sync="TRUE">002</orDesc><linkage Sync="TRUE">file://\\s-troi\gisco\dissemination\Public (free download)\AIRP\shape\data\AIRP_OWNR_DOM.dbf</linkage><protocol Sync="TRUE">Local Area Network</protocol></onLineSrc><transSize Sync="TRUE">0.000</transSize></distorTran><distorFormat><formatName Sync="TRUE">dBASE Table</formatName></distorFormat></distributor></distInfo><eainfo><detailed Name="AIRP_OWNR_DOM"><enttyp><enttypl Sync="TRUE">AIRP_OWNR_DOM</enttypl><enttypt Sync="TRUE">Table</enttypt><enttypc Sync="TRUE">0</enttypc></enttyp><attr><attrlabl Sync="TRUE">OID</attrlabl><attalias Sync="TRUE">OID</attalias><attrtype Sync="TRUE">OID</attrtype><attwidth Sync="TRUE">4</attwidth><atprecis Sync="TRUE">0</atprecis><attscale Sync="TRUE">0</attscale><attrdef Sync="TRUE">Internal feature number.</attrdef><attrdefs Sync="TRUE">ESRI</attrdefs><attrdomv><udom Sync="TRUE">Sequential unique whole numbers that are automatically generated.</udom></attrdomv></attr><attr><attrlabl Sync="TRUE">AIRP_OWNR_</attrlabl><attalias Sync="TRUE">AIRP_OWNR_</attalias><attrtype Sync="TRUE">String</attrtype><attwidth Sync="TRUE">2</attwidth></attr><attr><attrlabl Sync="TRUE">AIRP_OWNR1</attrlabl><attalias Sync="TRUE">AIRP_OWNR1</attalias><attrtype Sync="TRUE">String</attrtype><attwidth Sync="TRUE">30</attwidth></attr></detailed></eainfo><mdDateSt Sync="TRUE">20081128</mdDateSt></metadata>
