<?xml version="1.0"?>
<!--<!DOCTYPE metadata SYSTEM "http://www.esri.com/metadata/esriprof80.dtd">-->
<metadata xml:lang="lv"><Esri><CreaDate>20071106</CreaDate><CreaTime>15462600</CreaTime><SyncOnce>FALSE</SyncOnce><DataProperties><lineage><Process Name="ChangePrivileges_49" ToolSource="D:\Program Files\ArcGIS\ArcToolbox\Toolboxes\Data Management Tools.tbx\ChangePrivileges" Date="20070504" Time="152412">ChangePrivileges "Database Connections\development_gisco.sde\GISCO.CNTR_AT" GISCOREAD GRANT # "Database Connections\development_gisco.sde\GISCO.CNTR_AT"</Process><Process Name="TableToTable_12" ToolSource="D:\Program Files\ArcGIS\ArcToolbox\Toolboxes\Conversion Tools.tbx\TableToTable" Date="20081128" Time="171454">TableToTable "J:\dissemination\Public (free download)\AIRP\PGDB\data\AIRP.mdb\CNTR_AT" "J:\dissemination\Public (free download)\AIRP\shape\data" CNTR_AT.dbf # "CNTR_ID CNTR_ID true true false 3 Text 0 0 ,First,#,J:\dissemination\Public (free download)\AIRP\PGDB\data\AIRP.mdb\CNTR_AT,CNTR_ID,-1,-1;CNTR_NAME CNTR_NAME true true false 130 Text 0 0 ,First,#,J:\dissemination\Public (free download)\AIRP\PGDB\data\AIRP.mdb\CNTR_AT,CNTR_NAME,-1,-1;NAME_ASCI NAME_ASCI true true false 130 Text 0 0 ,First,#,J:\dissemination\Public (free download)\AIRP\PGDB\data\AIRP.mdb\CNTR_AT,NAME_ASCI,-1,-1;NAME_ENGL NAME_ENGL true true false 60 Text 0 0 ,First,#,J:\dissemination\Public (free download)\AIRP\PGDB\data\AIRP.mdb\CNTR_AT,NAME_ENGL,-1,-1;NAME_FREN NAME_FREN true true false 60 Text 0 0 ,First,#,J:\dissemination\Public (free download)\AIRP\PGDB\data\AIRP.mdb\CNTR_AT,NAME_FREN,-1,-1;POLI_ORG_CODE POLI_ORG_CODE true true false 2 Short 0 0 ,First,#,J:\dissemination\Public (free download)\AIRP\PGDB\data\AIRP.mdb\CNTR_AT,POLI_ORG_CODE,-1,-1;CNTR_CODE_STAT CNTR_CODE_STAT true true false 3 Text 0 0 ,First,#,J:\dissemination\Public (free download)\AIRP\PGDB\data\AIRP.mdb\CNTR_AT,CNTR_CODE_STAT,-1,-1" # "J:\dissemination\Public (free download)\AIRP\shape\data\CNTR_AT.dbf"</Process></lineage></DataProperties><SyncDate>20081128</SyncDate><SyncTime>17145400</SyncTime><ModDate>20081128</ModDate><ModTime>17145400</ModTime><MetaID>{93C90FCC-31CE-4774-8512-B5AB15CD4C3E}</MetaID></Esri><idinfo><native Sync="TRUE">Microsoft Windows XP Version 5.1 (Build 2600) Service Pack 2; ESRI ArcCatalog 9.2.6.1500</native><descript><langdata Sync="TRUE">en</langdata><abstract>REQUIRED: A brief narrative summary of the data set.</abstract><purpose>REQUIRED: A summary of the intentions with which the data set was developed.</purpose></descript><citation><citeinfo><origin>REQUIRED: The name of an organization or individual that developed the data set.</origin><pubdate>REQUIRED: The date when the data set is published or otherwise made available for release.</pubdate><title Sync="TRUE">CNTR_AT</title><ftname Sync="TRUE">CNTR_AT</ftname><geoform Sync="TRUE">tabular digital data</geoform><onlink Sync="TRUE">\\s-troi\gisco\dissemination\Public (free download)\AIRP\shape\data\CNTR_AT.dbf</onlink></citeinfo></citation><timeperd><current>REQUIRED: The basis on which the time period of content information is determined.</current><timeinfo><sngdate><caldate>REQUIRED: The year (and optionally month, or month and day) for which the data set corresponds to the ground.</caldate></sngdate></timeinfo></timeperd><status><progress>REQUIRED: The state of the data set.</progress><update>REQUIRED: The frequency with which changes and additions are made to the data set after the initial data set is completed.</update></status><spdom><bounding><westbc Sync="TRUE">REQUIRED: Western-most coordinate of the limit of coverage expressed in longitude.</westbc><eastbc Sync="TRUE">REQUIRED: Eastern-most coordinate of the limit of coverage expressed in longitude.</eastbc><northbc Sync="TRUE">REQUIRED: Northern-most coordinate of the limit of coverage expressed in latitude.</northbc><southbc Sync="TRUE">REQUIRED: Southern-most coordinate of the limit of coverage expressed in latitude.</southbc></bounding></spdom><keywords><theme><themekt>REQUIRED: Reference to a formally registered thesaurus or a similar authoritative source of theme keywords.</themekt><themekey>REQUIRED: Common-use word or phrase used to describe the subject of the data set.</themekey></theme></keywords><accconst>REQUIRED: Restrictions and legal prerequisites for accessing the data set.</accconst><useconst>REQUIRED: Restrictions and legal prerequisites for using the data set after access is granted.</useconst><natvform Sync="TRUE">dBASE Table</natvform></idinfo><dataIdInfo><envirDesc Sync="TRUE">Microsoft Windows XP Version 5.1 (Build 2600) Service Pack 2; ESRI ArcCatalog 9.2.6.1500</envirDesc><dataLang><languageCode Sync="TRUE" value="en"></languageCode></dataLang><idCitation><resTitle Sync="TRUE">CNTR_AT</resTitle><presForm><PresFormCd Sync="TRUE" value="011"></PresFormCd></presForm></idCitation></dataIdInfo><metainfo><langmeta Sync="TRUE">en</langmeta><metstdn Sync="TRUE">FGDC Content Standards for Digital Geospatial Metadata</metstdn><metstdv Sync="TRUE">FGDC-STD-001-1998</metstdv><mettc Sync="TRUE">local time</mettc><metc><cntinfo><cntorgp><cntper>REQUIRED: The person responsible for the metadata information.</cntper><cntorg>REQUIRED: The organization responsible for the metadata information.</cntorg></cntorgp><cntaddr><addrtype>REQUIRED: The mailing and/or physical address for the organization or individual.</addrtype><city>REQUIRED: The city of the address.</city><state>REQUIRED: The state or province of the address.</state><postal>REQUIRED: The ZIP or other postal code of the address.</postal></cntaddr><cntvoice>REQUIRED: The telephone number by which individuals can speak to the organization or individual.</cntvoice></cntinfo></metc><metd Sync="TRUE">20081128</metd><metextns><onlink Sync="TRUE">http://www.esri.com/metadata/esriprof80.html</onlink><metprof Sync="TRUE">ESRI Metadata Profile</metprof></metextns></metainfo><mdLang><languageCode Sync="TRUE" value="en"></languageCode></mdLang><mdStanName Sync="TRUE">ISO 19115 Geographic Information - Metadata</mdStanName><mdStanVer Sync="TRUE">DIS_ESRI1.0</mdStanVer><mdChar><CharSetCd Sync="TRUE" value="004"></CharSetCd></mdChar><mdHrLv><ScopeCd Sync="TRUE" value="005"></ScopeCd></mdHrLv><mdHrLvName Sync="TRUE">dataset</mdHrLvName><distinfo><resdesc Sync="TRUE">Downloadable Data</resdesc><stdorder><digform><digtinfo><transize Sync="TRUE">0.000</transize><dssize Sync="TRUE">0.000</dssize></digtinfo></digform></stdorder></distinfo><distInfo><distributor><distorTran><onLineSrc><orDesc Sync="TRUE">002</orDesc><linkage Sync="TRUE">file://\\s-troi\gisco\dissemination\Public (free download)\AIRP\shape\data\CNTR_AT.dbf</linkage><protocol Sync="TRUE">Local Area Network</protocol></onLineSrc><transSize Sync="TRUE">0.000</transSize></distorTran><distorFormat><formatName Sync="TRUE">dBASE Table</formatName></distorFormat></distributor></distInfo><eainfo><detailed Name="CNTR_AT"><enttyp><enttypl Sync="TRUE">CNTR_AT</enttypl><enttypt Sync="TRUE">Table</enttypt><enttypc Sync="TRUE">0</enttypc></enttyp><attr><attrlabl Sync="TRUE">CNTR_ID</attrlabl><attalias Sync="TRUE">CNTR_ID</attalias><attrtype Sync="TRUE">String</attrtype><attwidth Sync="TRUE">3</attwidth><atprecis Sync="TRUE">0</atprecis><attscale Sync="TRUE">0</attscale></attr><attr><attrlabl Sync="TRUE">CNTR_NAME</attrlabl><attalias Sync="TRUE">CNTR_NAME</attalias><attrtype Sync="TRUE">String</attrtype><attwidth Sync="TRUE">3</attwidth></attr><attr><attrlabl Sync="TRUE">NAME_ENGL</attrlabl><attalias Sync="TRUE">NAME_ENGL</attalias><attrtype Sync="TRUE">String</attrtype><attwidth Sync="TRUE">130</attwidth></attr><attr><attrlabl Sync="TRUE">NAME_FREN</attrlabl><attalias Sync="TRUE">NAME_FREN</attalias><attrtype Sync="TRUE">String</attrtype><attwidth Sync="TRUE">130</attwidth></attr><attr><attrlabl Sync="TRUE">OID</attrlabl><attalias Sync="TRUE">OID</attalias><attrtype Sync="TRUE">String</attrtype><attwidth Sync="TRUE">60</attwidth><attrdef Sync="TRUE">Internal feature number.</attrdef><attrdefs Sync="TRUE">ESRI</attrdefs><attrdomv><udom Sync="TRUE">Sequential unique whole numbers that are automatically generated.</udom></attrdomv></attr><attr><attrlabl Sync="TRUE">NAME_ASCI</attrlabl><attalias Sync="TRUE">NAME_ASCI</attalias><attrtype Sync="TRUE">String</attrtype><attwidth Sync="TRUE">60</attwidth></attr><attr><attrlabl Sync="TRUE">POLI_ORG_C</attrlabl><attalias Sync="TRUE">POLI_ORG_C</attalias><attrtype Sync="TRUE">Number</attrtype><attwidth Sync="TRUE">4</attwidth></attr><attr><attrlabl Sync="TRUE">CNTR_CODE_</attrlabl><attalias Sync="TRUE">CNTR_CODE_</attalias><attrtype Sync="TRUE">String</attrtype><attwidth Sync="TRUE">3</attwidth></attr></detailed><detailed Name="GISCO.AIRP_ICRG_AT_CNTR_LU"><enttyp><enttypl Sync="TRUE">GISCO.AIRP_ICRG_AT_CNTR_LU</enttypl><enttypt Sync="TRUE">Relationship</enttypt></enttyp></detailed><detailed Name="GISCO.COMM_CNTR_CODE_LU"><enttyp><enttypl Sync="TRUE">GISCO.COMM_CNTR_CODE_LU</enttypl><enttypt Sync="TRUE">Relationship</enttypt></enttyp></detailed><detailed Name="GISCO.NUTS_2003_CNTR_CODE_LU"><enttyp><enttypl Sync="TRUE">GISCO.NUTS_2003_CNTR_CODE_LU</enttypl><enttypt Sync="TRUE">Relationship</enttypt></enttyp></detailed></eainfo><mdDateSt Sync="TRUE">20081128</mdDateSt><dataqual><lineage><procstep><procdesc Sync="TRUE">Dataset copied.</procdesc><srcused Sync="TRUE">Server=crab.cc.cec.eu.int; Service=port:5154; User=gisco; Version=SDE.DEFAULT</srcused><date Sync="TRUE">20071019</date><time Sync="TRUE">17292500</time></procstep><procstep><procdesc Sync="TRUE">Dataset copied.</procdesc><srcused Sync="TRUE">\\s-groucho\gisco\dissemination\Public (free download)\URAU\URAU_2004.mdb</srcused><date Sync="TRUE">20071106</date><time Sync="TRUE">15462600</time></procstep></lineage></dataqual></metadata>
