<?xml version="1.0" encoding="UTF-8"?>
<gmd:MD_Metadata xmlns:gmd="http://www.isotc211.org/2005/gmd" xmlns:gco="http://www.isotc211.org/2005/gco" xmlns:gts="http://www.isotc211.org/2005/gts" xmlns:srv="http://www.isotc211.org/2005/srv" xmlns:gml="http://www.opengis.net/gml" xmlns:xlink="http://www.w3.org/1999/xlink" xmlns:xsi="http://www.w3.org/2001/XMLSchema-instance">
	<gmd:fileIdentifier>
		<gco:CharacterString>{53FAAC6D-D66F-42B2-BBD7-7FBB759C812B}</gco:CharacterString>
	</gmd:fileIdentifier>
	<gmd:characterSet>
		<gmd:MD_CharacterSetCode codeList="http://www.isotc211.org/2005/resources/Codelist/gmxCodelists.xml#MD_CharacterSetCode" codeListValue="utf8" codeSpace="ISOTC211/19115">utf8</gmd:MD_CharacterSetCode>
	</gmd:characterSet>
	<gmd:parentIdentifier>
		<gco:CharacterString>{5F0D2655-C25E-40E6-AF08-A575DB684F3F}</gco:CharacterString>
	</gmd:parentIdentifier>
	<gmd:hierarchyLevel>
		<gmd:MD_ScopeCode codeList="http://standards.iso.org/ittf/PubliclyAvailableStandards/ISO_19139_Schemas/resources/Codelist/ML_gmxCodelists.xml#MD_ScopeCode" codeListValue="nonGeographicDataset" codeSpace="ISOTC211/19115">nonGeographicDataset</gmd:MD_ScopeCode>
	</gmd:hierarchyLevel>
	<gmd:hierarchyLevelName>
		<gco:CharacterString>dataset</gco:CharacterString>
	</gmd:hierarchyLevelName>
	<gmd:contact>
		<gmd:CI_ResponsibleParty>
			<gmd:role>
				<gmd:CI_RoleCode codeList="http://www.isotc211.org/2005/resources/Codelist/gmxCodelists.xml#CI_RoleCode" codeListValue="pointOfContact" codeSpace="ISOTC211/19115">pointOfContact</gmd:CI_RoleCode>
			</gmd:role>
		</gmd:CI_ResponsibleParty>
	</gmd:contact>
	<gmd:dateStamp>
		<gco:Date>2009-10-05</gco:Date>
	</gmd:dateStamp>
	<gmd:metadataStandardName>
		<gco:CharacterString>ISO 19139 Geographic Information - Metadata - Implementation Specification</gco:CharacterString>
	</gmd:metadataStandardName>
	<gmd:metadataStandardVersion>
		<gco:CharacterString>2007</gco:CharacterString>
	</gmd:metadataStandardVersion>
	<gmd:dataSetURI>
		<gco:CharacterString>Server=musk.cc.cec.eu.int; Service=port:5153; User=giscoread; Version=SDE.DEFAULT</gco:CharacterString>
	</gmd:dataSetURI>
	<gmd:spatialRepresentationInfo>
		<gmd:MD_VectorSpatialRepresentation>
			<gmd:topologyLevel>
				<gmd:MD_TopologyLevelCode codeList="http://www.isotc211.org/2005/resources/Codelist/gmxCodelists.xml#MD_TopologyLevelCode" codeListValue="geometryOnly" codeSpace="ISOTC211/19115">geometryOnly</gmd:MD_TopologyLevelCode>
			</gmd:topologyLevel>
			<gmd:geometricObjects>
				<gmd:MD_GeometricObjects>
					<gmd:geometricObjectType>
						<gmd:MD_GeometricObjectTypeCode codeList="http://www.isotc211.org/2005/resources/Codelist/gmxCodelists.xml#MD_GeometricObjectTypeCode" codeListValue="complex" codeSpace="ISOTC211/19115">complex</gmd:MD_GeometricObjectTypeCode>
					</gmd:geometricObjectType>
					<gmd:geometricObjectCount>
						<gco:Integer>604</gco:Integer>
					</gmd:geometricObjectCount>
				</gmd:MD_GeometricObjects>
			</gmd:geometricObjects>
			<gmd:geometricObjects>
				<gmd:MD_GeometricObjects>
					<gmd:geometricObjectType>
						<gmd:MD_GeometricObjectTypeCode codeList="http://www.isotc211.org/2005/resources/Codelist/gmxCodelists.xml#MD_GeometricObjectTypeCode" codeListValue="point" codeSpace="ISOTC211/19115">point</gmd:MD_GeometricObjectTypeCode>
					</gmd:geometricObjectType>
					<gmd:geometricObjectCount>
						<gco:Integer>2201</gco:Integer>
					</gmd:geometricObjectCount>
				</gmd:MD_GeometricObjects>
			</gmd:geometricObjects>
		</gmd:MD_VectorSpatialRepresentation>
	</gmd:spatialRepresentationInfo>
	<gmd:referenceSystemInfo>
		<gmd:MD_ReferenceSystem>
			<gmd:referenceSystemIdentifier>
				<gmd:RS_Identifier>
					<gmd:code>
						<gco:CharacterString>ETRS89</gco:CharacterString>
					</gmd:code>
				</gmd:RS_Identifier>
			</gmd:referenceSystemIdentifier>
		</gmd:MD_ReferenceSystem>
	</gmd:referenceSystemInfo>
	<gmd:identificationInfo>
		<gmd:MD_DataIdentification>
			<gmd:citation>
				<gmd:CI_Citation>
					<gmd:title>
						<gco:CharacterString>Locode Status Indicators domain</gco:CharacterString>
					</gmd:title>
					<gmd:alternateTitle>
						<gco:CharacterString>GISCO.LOCD_STTS_DOM</gco:CharacterString>
					</gmd:alternateTitle>
					<gmd:date gco:nilReason="missing"/>
					<gmd:editionDate>
						<gco:Date>2009-10-05</gco:Date>
					</gmd:editionDate>
					<gmd:citedResponsibleParty>
						<gmd:CI_ResponsibleParty>
							<gmd:organisationName>
								<gco:CharacterString>Eurostat GISCO - European Commission</gco:CharacterString>
							</gmd:organisationName>
							<gmd:contactInfo>
								<gmd:CI_Contact>
									<gmd:phone>
										<gmd:CI_Telephone>
											<gmd:voice>
												<gco:CharacterString>+352 4301 32076</gco:CharacterString>
											</gmd:voice>
											<gmd:facsimile>
												<gco:CharacterString>+352 4301 34029</gco:CharacterString>
											</gmd:facsimile>
										</gmd:CI_Telephone>
									</gmd:phone>
									<gmd:address>
										<gmd:CI_Address>
											<gmd:deliveryPoint>
												<gco:CharacterString>5, rue Alphonse Weicker</gco:CharacterString>
											</gmd:deliveryPoint>
											<gmd:city>
												<gco:CharacterString>Luxembourg</gco:CharacterString>
											</gmd:city>
											<gmd:administrativeArea>
												<gco:CharacterString>Luxembourg</gco:CharacterString>
											</gmd:administrativeArea>
											<gmd:postalCode>
												<gco:CharacterString>2721</gco:CharacterString>
											</gmd:postalCode>
											<gmd:country>
												<gmd:Country codeList="http://www.iso.org/iso/country_codes/iso_3166_code_lists.htm" codeListValue="LU" codeSpace="ISO3166-1">LU</gmd:Country>
											</gmd:country>
											<gmd:electronicMailAddress>
												<gco:CharacterString>estat-gisco@ec.europa.eu</gco:CharacterString>
											</gmd:electronicMailAddress>
										</gmd:CI_Address>
									</gmd:address>
								</gmd:CI_Contact>
							</gmd:contactInfo>
							<gmd:role>
								<gmd:CI_RoleCode codeList="http://www.isotc211.org/2005/resources/Codelist/gmxCodelists.xml#CI_RoleCode" codeListValue="originator" codeSpace="ISOTC211/19115">originator</gmd:CI_RoleCode>
							</gmd:role>
						</gmd:CI_ResponsibleParty>
					</gmd:citedResponsibleParty>
					<gmd:citedResponsibleParty>
						<gmd:CI_ResponsibleParty>
							<gmd:organisationName>
								<gco:CharacterString>Lovell Johns Ltd.</gco:CharacterString>
							</gmd:organisationName>
							<gmd:contactInfo>
								<gmd:CI_Contact>
									<gmd:phone>
										<gmd:CI_Telephone>
											<gmd:voice>
												<gco:CharacterString>+44 1993 883 161</gco:CharacterString>
											</gmd:voice>
											<gmd:facsimile>
												<gco:CharacterString>+44 1993 883 096</gco:CharacterString>
											</gmd:facsimile>
										</gmd:CI_Telephone>
									</gmd:phone>
									<gmd:address>
										<gmd:CI_Address>
											<gmd:deliveryPoint>
												<gco:CharacterString>10 Hanborough Business Park</gco:CharacterString>
											</gmd:deliveryPoint>
											<gmd:city>
												<gco:CharacterString>Long Hanborough</gco:CharacterString>
											</gmd:city>
											<gmd:administrativeArea>
												<gco:CharacterString>Witney</gco:CharacterString>
											</gmd:administrativeArea>
											<gmd:postalCode>
												<gco:CharacterString>OX29 8RU</gco:CharacterString>
											</gmd:postalCode>
											<gmd:country>
												<gmd:Country codeList="http://www.iso.org/iso/country_codes/iso_3166_code_lists.htm" codeListValue="GB" codeSpace="ISO3166-1">GB</gmd:Country>
											</gmd:country>
											<gmd:electronicMailAddress>
												<gco:CharacterString>enquiries@lovelljohns.com</gco:CharacterString>
											</gmd:electronicMailAddress>
										</gmd:CI_Address>
									</gmd:address>
								</gmd:CI_Contact>
							</gmd:contactInfo>
							<gmd:role>
								<gmd:CI_RoleCode codeList="http://www.isotc211.org/2005/resources/Codelist/gmxCodelists.xml#CI_RoleCode" codeListValue="processor" codeSpace="ISOTC211/19115">processor</gmd:CI_RoleCode>
							</gmd:role>
						</gmd:CI_ResponsibleParty>
					</gmd:citedResponsibleParty>
					<gmd:presentationForm>
						<gmd:CI_PresentationFormCode codeList="http://www.isotc211.org/2005/resources/Codelist/gmxCodelists.xml#CI_PresentationFormCode" codeListValue="tableDigital" codeSpace="ISOTC211/19115">tableDigital</gmd:CI_PresentationFormCode>
					</gmd:presentationForm>
				</gmd:CI_Citation>
			</gmd:citation>
			<gmd:abstract>
				<gco:CharacterString>This dataset should be bibliographically referred to as the “GISCO Ports 2009 dataset”. It contains 2 feature classes with the location of 2201 pan-European ports, plus one attribute table and 3 domain tables. The ports are identified following the UN Locode list. The dataset is based on the list “Ports Estat 2009” from Eurostat, and the port polygons from CLC2000 and ERM.

All ports are represented by a point location in PORT_PT_2009. PORT_RG_2009 contains polygonal topology for 604 of the ports. Polygons represent the port area devoted to ship traffic as defined in Corine Land Cover 2000 or the EuroRegionalMap (ERM) v3.0 Pier / Wharf / Quay feature. Point coordinates and Locodes are derived from several input sources, including ports lists from EMSA, Lloyds, Norie’s Seaports of the World, the GISCO Ports 2008 dataset and the UN/LOCODE 2007 list. Point locations are harmonised to be inside a polygonal representation, where provided, inside the CNTR_RG_100K_2006 land mask, and in some cases coincident with a STTL_V3 settlement feature.  Attributes in PORT_AT_2009 include the port name, Locode Status Indicator, and reliability flags for the positional and Locode accuracy. 

Dataset coverage is geographical Europe plus territories administrated by European countries. 
</gco:CharacterString>
			</gmd:abstract>
			<gmd:purpose>
				<gco:CharacterString>The dataset has been created for cartographic purposes and for appropriate analysis. Port statistics can be geo-referenced to this high quality pan-European dataset, especially when based on UN Locode.</gco:CharacterString>
			</gmd:purpose>
			<gmd:resourceConstraints>
				<gmd:MD_Constraints>
					<gmd:useLimitation>
						<gco:CharacterString>The datasets have been created for cartographic purposes. Not to be used for navigation.</gco:CharacterString>
					</gmd:useLimitation>
				</gmd:MD_Constraints>
			</gmd:resourceConstraints>
			<gmd:resourceConstraints>
				<gmd:MD_LegalConstraints>
					<gmd:useConstraints>
						<gmd:MD_RestrictionCode codeList="http://www.isotc211.org/2005/resources/Codelist/gmxCodelists.xml#MD_RestrictionCode" codeListValue="copyright" codeSpace="ISOTC211/19115">copyright</gmd:MD_RestrictionCode>
					</gmd:useConstraints>
					<gmd:otherConstraints>
						<gco:CharacterString>Usage of data is public</gco:CharacterString>
					</gmd:otherConstraints>
					<gmd:otherConstraints>
						<gco:CharacterString>Source should be acknowledged: "Source: GISCO - Eurostat (European Commission)"</gco:CharacterString>
					</gmd:otherConstraints>
				</gmd:MD_LegalConstraints>
			</gmd:resourceConstraints>
			<gmd:spatialRepresentationType>
				<gmd:MD_SpatialRepresentationTypeCode codeList="http://www.isotc211.org/2005/resources/Codelist/gmxCodelists.xml#MD_SpatialRepresentationTypeCode" codeListValue="textTable" codeSpace="ISOTC211/19115">textTable</gmd:MD_SpatialRepresentationTypeCode>
			</gmd:spatialRepresentationType>
			<gmd:language gco:nilReason="missing"/>
			<gmd:characterSet>
				<gmd:MD_CharacterSetCode codeList="http://www.isotc211.org/2005/resources/Codelist/gmxCodelists.xml#MD_CharacterSetCode" codeListValue="utf8" codeSpace="ISOTC211/19115">utf8</gmd:MD_CharacterSetCode>
			</gmd:characterSet>
			<gmd:topicCategory>
				<gmd:MD_TopicCategoryCode>transportation</gmd:MD_TopicCategoryCode>
			</gmd:topicCategory>
			<gmd:environmentDescription>
				<gco:CharacterString>Microsoft Windows 7 Version 6.1 (Build 7601) Service Pack 1; ESRI ArcGIS 10.0.5.4400</gco:CharacterString>
			</gmd:environmentDescription>
			<gmd:extent>
				<gmd:EX_Extent/>
			</gmd:extent>
		</gmd:MD_DataIdentification>
	</gmd:identificationInfo>
	<gmd:distributionInfo>
		<gmd:MD_Distribution>
			<gmd:distributionFormat>
				<gmd:MD_Format>
					<gmd:name>
						<gco:CharacterString>File Geodatabase Table</gco:CharacterString>
					</gmd:name>
					<gmd:version gco:nilReason="missing"/>
				</gmd:MD_Format>
			</gmd:distributionFormat>
			<gmd:distributor>
				<gmd:MD_Distributor>
					<gmd:distributorContact>
						<gmd:CI_ResponsibleParty>
							<gmd:individualName>
								<gco:CharacterString>Eurostat GISCO</gco:CharacterString>
							</gmd:individualName>
							<gmd:organisationName>
								<gco:CharacterString>Eurostat GISCO - European Commission (EC)</gco:CharacterString>
							</gmd:organisationName>
							<gmd:positionName>
								<gco:CharacterString>Responsible of reference geodatabase for the EC</gco:CharacterString>
							</gmd:positionName>
							<gmd:contactInfo>
								<gmd:CI_Contact>
									<gmd:phone>
										<gmd:CI_Telephone>
											<gmd:voice>
												<gco:CharacterString>+352 4301 32076</gco:CharacterString>
											</gmd:voice>
											<gmd:facsimile>
												<gco:CharacterString>+352 4301 34029</gco:CharacterString>
											</gmd:facsimile>
										</gmd:CI_Telephone>
									</gmd:phone>
									<gmd:address>
										<gmd:CI_Address>
											<gmd:deliveryPoint>
												<gco:CharacterString>5, rue Alphonse Weicker</gco:CharacterString>
											</gmd:deliveryPoint>
											<gmd:city>
												<gco:CharacterString>Luxembourg</gco:CharacterString>
											</gmd:city>
											<gmd:administrativeArea>
												<gco:CharacterString>Luxembourg</gco:CharacterString>
											</gmd:administrativeArea>
											<gmd:postalCode>
												<gco:CharacterString>2721</gco:CharacterString>
											</gmd:postalCode>
											<gmd:country>
												<gmd:Country codeList="http://www.iso.org/iso/country_codes/iso_3166_code_lists.htm" codeListValue="LU" codeSpace="ISO3166-1">LU</gmd:Country>
											</gmd:country>
											<gmd:electronicMailAddress>
												<gco:CharacterString>estat-gisco@ec.europa.eu</gco:CharacterString>
											</gmd:electronicMailAddress>
										</gmd:CI_Address>
									</gmd:address>
								</gmd:CI_Contact>
							</gmd:contactInfo>
							<gmd:role>
								<gmd:CI_RoleCode codeList="http://www.isotc211.org/2005/resources/Codelist/gmxCodelists.xml#CI_RoleCode" codeListValue="distributor" codeSpace="ISOTC211/19115">distributor</gmd:CI_RoleCode>
							</gmd:role>
						</gmd:CI_ResponsibleParty>
					</gmd:distributorContact>
					<gmd:distributorFormat>
						<gmd:MD_Format>
							<gmd:name>
								<gco:CharacterString>ESRI geodatabase</gco:CharacterString>
							</gmd:name>
							<gmd:version>
								<gco:CharacterString>9.3</gco:CharacterString>
							</gmd:version>
						</gmd:MD_Format>
					</gmd:distributorFormat>
					<gmd:distributorTransferOptions>
						<gmd:MD_DigitalTransferOptions>
							<gmd:onLine>
								<gmd:CI_OnlineResource>
									<gmd:linkage>
										<gmd:URL>http://epp.eurostat.ec.europa.eu</gmd:URL>
									</gmd:linkage>
									<gmd:protocol>
										<gco:CharacterString>http</gco:CharacterString>
									</gmd:protocol>
									<gmd:description>
										<gco:CharacterString>002</gco:CharacterString>
									</gmd:description>
									<gmd:function>
										<gmd:CI_OnLineFunctionCode codeList="http://www.isotc211.org/2005/resources/Codelist/gmxCodelists.xml#CI_OnLineFunctionCode" codeListValue="download" codeSpace="ISOTC211/19115">download</gmd:CI_OnLineFunctionCode>
									</gmd:function>
								</gmd:CI_OnlineResource>
							</gmd:onLine>
						</gmd:MD_DigitalTransferOptions>
					</gmd:distributorTransferOptions>
				</gmd:MD_Distributor>
			</gmd:distributor>
		</gmd:MD_Distribution>
	</gmd:distributionInfo>
	<gmd:dataQualityInfo>
		<gmd:DQ_DataQuality>
			<gmd:scope gco:nilReason="missing"/>
			<gmd:lineage>
				<gmd:LI_Lineage>
					<gmd:statement>
						<gco:CharacterString>Port names and Locodes were mainly taken from the Eurostat list "Ports Estat 2009", or the UN/LOCODE 2007 list.

Port regions were derived from Corine Land Cover 2000 vector version (CLC class "1.2.3") or EuroRegionalMap v3.0 (HarbourA class).

Point location sources were, in decreasing order of preference:
1. European Maritime Safety Agency (EMSA) list of ports by calls
2. Lloyds MIU list of European ports
3. GISCO Ports 2008 dataset (PORT_2008). This was derived from some of the same sources used for this dataset, plus Norie’s Seaports of the World list (in Norie’s Nautical Tables, Imray, 2007)
4. UN/LOCODE 2007 list (UNECE, 2007)
The point location may then have been moved inside a port polygon, inside the land polygon (GISCO CNTR_RG_100K_2006), inside a settlement polygon (STTL_RG_250K_V3) or made coincident with a settlement point (STTL_PT_V3).

Port polygons within 200m of a STTL_RG_250K_V3 were named according to the settlement. The named port polygons were matched to port points within 1 arc minute based on name and coordinate coincidence (fuzzy matching), in order of source preference. Some named polygons not near a point were assigned Locodes by name match with the UN list. The unnamed port polygons were matched to points within 1 arc minute, considering the agreement between the different point sources. These steps created initial point and polygon datasets that were harmonised with each other. Port points were added from PORT_PT_2008, the EMSA dataset or the Estat 2009 list (where possible) where the Locode was not already represented, and these additional points were harmonised with nearby STTL_V3.

Many of the processing steps included some manual matching, editing or checking steps to improve data quality. Reference sources used included port organisation websites, online port lists, and aerial imagery. The busiest 60 ports according to the "EU Energy and Transport in Figures: Statistical Pocketbook 2009" were visually checked against input and reference sources. Effort was also focussed on Eurostat statistical ports. All matching steps included manual checks of join tables or the spatial data to help overcome naming or conceptual differences between sources. Some expected errors were manually fixed.

LOCD_STTS_CODE port attributes derived from UN/LOCODE 2007, and LOCD_STTS_DOM table copied from the StatusIndicator table of the UN database. PORT_COOR_RELI_CODE positional reliability attributes were calculated for port points based on the process for reaching the final point coordinate. PORT_LOCD_RELI_CODE attributes were derived depending on the port’s proximity to settlement features that verify the port name (and hence Locode). TEN_CODE and PROC_TEN_CODE attributes provided by GISCO. STAT_PORT_CODE and REMK are Eurostat attributes from the "Ports Estat 2009" list.  
</gco:CharacterString>
					</gmd:statement>
					<gmd:processStep>
						<gmd:LI_ProcessStep>
							<gmd:description gco:nilReason="missing"/>
						</gmd:LI_ProcessStep>
					</gmd:processStep>
					<gmd:source>
						<gmd:LI_Source>
							<gmd:description>
								<gco:CharacterString>Eurostat “Ports Estat 2009” list; CLC2000 vector dataset; ERM v3.0 HarbourA dataset; GISCO STTL_V3 dataset (from ERM v3.0); UN/LOCODE 2007 list; GISCO Ports 2008 dataset; EMSA list of ports by calls; Lloyds MIU list of European ports; Norie’s Seaports of the World list; internet reference sources</gco:CharacterString>
							</gmd:description>
						</gmd:LI_Source>
					</gmd:source>
				</gmd:LI_Lineage>
			</gmd:lineage>
		</gmd:DQ_DataQuality>
	</gmd:dataQualityInfo>
	<Esri><CreaDate>20150114</CreaDate><CreaTime>14271900</CreaTime><ArcGISstyle>GISCO Metadata Editor 2012</ArcGISstyle><SyncOnce>TRUE</SyncOnce><DataProperties><itemProps><itemLocation><linkage Sync="TRUE">file://\\s-tlar\development\develop\Database-Updates\PORTS\2014-DEC-PORTS_2013\PORT_2013_SH\Metadata\XML\LOCD_STTS_DOM</linkage><protocol Sync="TRUE">Local Area Network</protocol></itemLocation></itemProps><copyHistory><copy source="J:\develop\Database-Updates\PORTS\2014-DEC-PORTS_2013\PORT_2013\Metadata\XML\LOCD_STTS_DOM" dest="\\s-tlar\development\develop\Database-Updates\PORTS\2014-DEC-PORTS_2013\PORT_2013_SH\Metadata\XML\LOCD_STTS_DOM" date="20150114" time="14271900"></copy></copyHistory></DataProperties></Esri></gmd:MD_Metadata>
