<?xml version="1.0" encoding="UTF-8"?>
<gmd:MD_Metadata xmlns:gmd="http://www.isotc211.org/2005/gmd" xmlns:gco="http://www.isotc211.org/2005/gco" xmlns:gts="http://www.isotc211.org/2005/gts" xmlns:srv="http://www.isotc211.org/2005/srv" xmlns:gml="http://www.opengis.net/gml" xmlns:xlink="http://www.w3.org/1999/xlink" xmlns:xsi="http://www.w3.org/2001/XMLSchema-instance">
	<gmd:fileIdentifier>
		<gco:CharacterString>{2FD6B2B8-EA44-4C3A-9840-BF2AB52F61EF}</gco:CharacterString>
	</gmd:fileIdentifier>
	<gmd:language>
		<gmd:LanguageCode codeList="http://www.loc.gov/standards/iso639-2/php/code_list.php" codeListValue="eng" codeSpace="ISO639-2">eng</gmd:LanguageCode>
	</gmd:language>
	<gmd:characterSet>
		<gmd:MD_CharacterSetCode codeList="http://www.isotc211.org/2005/resources/Codelist/gmxCodelists.xml#MD_CharacterSetCode" codeListValue="utf16" codeSpace="ISOTC211/19115">utf16</gmd:MD_CharacterSetCode>
	</gmd:characterSet>
	<gmd:hierarchyLevel>
		<gmd:MD_ScopeCode codeList="http://standards.iso.org/ittf/PubliclyAvailableStandards/ISO_19139_Schemas/resources/Codelist/ML_gmxCodelists.xml#MD_ScopeCode" codeListValue="dataset" codeSpace="ISOTC211/19115">dataset</gmd:MD_ScopeCode>
	</gmd:hierarchyLevel>
	<gmd:hierarchyLevelName>
		<gco:CharacterString>dataset</gco:CharacterString>
	</gmd:hierarchyLevelName>
	<gmd:contact>
		<gmd:CI_ResponsibleParty>
			<gmd:organisationName>
				<gco:CharacterString>European Commission, Eurostat (ESTAT), GISCO</gco:CharacterString>
			</gmd:organisationName>
			<gmd:contactInfo>
				<gmd:CI_Contact>
					<gmd:address>
						<gmd:CI_Address>
							<gmd:electronicMailAddress>
								<gco:CharacterString>estat-gisco@ec.europa.eu</gco:CharacterString>
							</gmd:electronicMailAddress>
						</gmd:CI_Address>
					</gmd:address>
				</gmd:CI_Contact>
			</gmd:contactInfo>
			<gmd:role>
				<gmd:CI_RoleCode codeList="http://www.isotc211.org/2005/resources/Codelist/gmxCodelists.xml#CI_RoleCode" codeListValue="pointOfContact" codeSpace="ISOTC211/19115">pointOfContact</gmd:CI_RoleCode>
			</gmd:role>
		</gmd:CI_ResponsibleParty>
	</gmd:contact>
	<gmd:dateStamp>
		<gco:Date>2012-12-11</gco:Date>
	</gmd:dateStamp>
	<gmd:metadataStandardName>
		<gco:CharacterString>INSPIRE Metadata Implementing Rules: Technical Guidelines based on EN ISO 19115 and EN ISO 19119</gco:CharacterString>
	</gmd:metadataStandardName>
	<gmd:metadataStandardVersion>
		<gco:CharacterString>V. 1.2</gco:CharacterString>
	</gmd:metadataStandardVersion>
	<gmd:dataSetURI>
		<gco:CharacterString>Server=musk.cc.cec.eu.int; Service=port:5153; User=giscoread; Version=SDE.DEFAULT</gco:CharacterString>
	</gmd:dataSetURI>
	<gmd:spatialRepresentationInfo>
		<gmd:MD_VectorSpatialRepresentation>
			<gmd:topologyLevel>
				<gmd:MD_TopologyLevelCode codeList="http://www.isotc211.org/2005/resources/Codelist/gmxCodelists.xml#MD_TopologyLevelCode" codeListValue="geometryOnly" codeSpace="ISOTC211/19115">geometryOnly</gmd:MD_TopologyLevelCode>
			</gmd:topologyLevel>
			<gmd:geometricObjects>
				<gmd:MD_GeometricObjects>
					<gmd:geometricObjectType>
						<gmd:MD_GeometricObjectTypeCode codeList="http://www.isotc211.org/2005/resources/Codelist/gmxCodelists.xml#MD_GeometricObjectTypeCode" codeListValue="point" codeSpace="ISOTC211/19115">point</gmd:MD_GeometricObjectTypeCode>
					</gmd:geometricObjectType>
					<gmd:geometricObjectCount>
						<gco:Integer>2440</gco:Integer>
					</gmd:geometricObjectCount>
				</gmd:MD_GeometricObjects>
			</gmd:geometricObjects>
		</gmd:MD_VectorSpatialRepresentation>
	</gmd:spatialRepresentationInfo>
	<gmd:referenceSystemInfo>
		<gmd:MD_ReferenceSystem>
			<gmd:referenceSystemIdentifier>
				<gmd:RS_Identifier>
					<gmd:code>
						<gco:CharacterString>4258</gco:CharacterString>
					</gmd:code>
					<gmd:codeSpace>
						<gco:CharacterString>EPSG</gco:CharacterString>
					</gmd:codeSpace>
					<gmd:version>
						<gco:CharacterString>7.4.1</gco:CharacterString>
					</gmd:version>
				</gmd:RS_Identifier>
			</gmd:referenceSystemIdentifier>
		</gmd:MD_ReferenceSystem>
	</gmd:referenceSystemInfo>
	<gmd:identificationInfo>
		<gmd:MD_DataIdentification>
			<gmd:citation>
				<gmd:CI_Citation>
					<gmd:title>
						<gco:CharacterString>GISCO.PORT_PT_2013</gco:CharacterString>
					</gmd:title>
					<gmd:alternateTitle>
						<gco:CharacterString>GISCO.PORT_PT_2009</gco:CharacterString>
					</gmd:alternateTitle>
					<gmd:date>
						<gmd:CI_Date>
							<gmd:date>
								<gco:Date>2014-10-01</gco:Date>
							</gmd:date>
							<gmd:dateType>
								<gmd:CI_DateTypeCode codeList="http://standards.iso.org/ittf/PubliclyAvailableStandards/ISO_19139_Schemas/resources/Codelist/ML_gmxCodelists.xml#CI_DateTypeCode" codeListValue="creation" codeSpace="ISOTC211/19115">creation</gmd:CI_DateTypeCode>
							</gmd:dateType>
						</gmd:CI_Date>
					</gmd:date>
					<gmd:date>
						<gmd:CI_Date>
							<gmd:date>
								<gco:Date>2014-12-11</gco:Date>
							</gmd:date>
							<gmd:dateType>
								<gmd:CI_DateTypeCode codeList="http://standards.iso.org/ittf/PubliclyAvailableStandards/ISO_19139_Schemas/resources/Codelist/ML_gmxCodelists.xml#CI_DateTypeCode" codeListValue="publication" codeSpace="ISOTC211/19115">publication</gmd:CI_DateTypeCode>
							</gmd:dateType>
						</gmd:CI_Date>
					</gmd:date>
					<gmd:editionDate>
						<gco:Date>2009-10-05</gco:Date>
					</gmd:editionDate>
					<gmd:identifier>
						<gmd:MD_Identifier>
							<gmd:code>
								<gco:CharacterString>C9FEE001-23D2-41C0-9F5C-384CF92ECA81</gco:CharacterString>
							</gmd:code>
						</gmd:MD_Identifier>
					</gmd:identifier>
					<gmd:citedResponsibleParty>
						<gmd:CI_ResponsibleParty>
							<gmd:organisationName>
								<gco:CharacterString>Eurostat GISCO - European Commission</gco:CharacterString>
							</gmd:organisationName>
							<gmd:contactInfo>
								<gmd:CI_Contact>
									<gmd:phone>
										<gmd:CI_Telephone>
											<gmd:voice>
												<gco:CharacterString>+352 4301 32076</gco:CharacterString>
											</gmd:voice>
											<gmd:facsimile>
												<gco:CharacterString>+352 4301 34029</gco:CharacterString>
											</gmd:facsimile>
										</gmd:CI_Telephone>
									</gmd:phone>
									<gmd:address>
										<gmd:CI_Address>
											<gmd:deliveryPoint>
												<gco:CharacterString>5, rue Alphonse Weicker</gco:CharacterString>
											</gmd:deliveryPoint>
											<gmd:city>
												<gco:CharacterString>Luxembourg</gco:CharacterString>
											</gmd:city>
											<gmd:administrativeArea>
												<gco:CharacterString>Luxembourg</gco:CharacterString>
											</gmd:administrativeArea>
											<gmd:postalCode>
												<gco:CharacterString>2721</gco:CharacterString>
											</gmd:postalCode>
											<gmd:country>
												<gmd:Country codeList="http://www.iso.org/iso/country_codes/iso_3166_code_lists.htm" codeListValue="LU" codeSpace="ISO3166-1">LU</gmd:Country>
											</gmd:country>
											<gmd:electronicMailAddress>
												<gco:CharacterString>estat-gisco@ec.europa.eu</gco:CharacterString>
											</gmd:electronicMailAddress>
										</gmd:CI_Address>
									</gmd:address>
								</gmd:CI_Contact>
							</gmd:contactInfo>
							<gmd:role>
								<gmd:CI_RoleCode codeList="http://www.isotc211.org/2005/resources/Codelist/gmxCodelists.xml#CI_RoleCode" codeListValue="originator" codeSpace="ISOTC211/19115">originator</gmd:CI_RoleCode>
							</gmd:role>
						</gmd:CI_ResponsibleParty>
					</gmd:citedResponsibleParty>
					<gmd:citedResponsibleParty>
						<gmd:CI_ResponsibleParty>
							<gmd:organisationName>
								<gco:CharacterString>Lovell Johns Ltd.</gco:CharacterString>
							</gmd:organisationName>
							<gmd:contactInfo>
								<gmd:CI_Contact>
									<gmd:phone>
										<gmd:CI_Telephone>
											<gmd:voice>
												<gco:CharacterString>+44 1993 883 161</gco:CharacterString>
											</gmd:voice>
											<gmd:facsimile>
												<gco:CharacterString>+44 1993 883 096</gco:CharacterString>
											</gmd:facsimile>
										</gmd:CI_Telephone>
									</gmd:phone>
									<gmd:address>
										<gmd:CI_Address>
											<gmd:deliveryPoint>
												<gco:CharacterString>10 Hanborough Business Park</gco:CharacterString>
											</gmd:deliveryPoint>
											<gmd:city>
												<gco:CharacterString>Long Hanborough</gco:CharacterString>
											</gmd:city>
											<gmd:administrativeArea>
												<gco:CharacterString>Witney</gco:CharacterString>
											</gmd:administrativeArea>
											<gmd:postalCode>
												<gco:CharacterString>OX29 8RU</gco:CharacterString>
											</gmd:postalCode>
											<gmd:country>
												<gmd:Country codeList="http://www.iso.org/iso/country_codes/iso_3166_code_lists.htm" codeListValue="GB" codeSpace="ISO3166-1">GB</gmd:Country>
											</gmd:country>
											<gmd:electronicMailAddress>
												<gco:CharacterString>enquiries@lovelljohns.com</gco:CharacterString>
											</gmd:electronicMailAddress>
										</gmd:CI_Address>
									</gmd:address>
								</gmd:CI_Contact>
							</gmd:contactInfo>
							<gmd:role>
								<gmd:CI_RoleCode codeList="http://www.isotc211.org/2005/resources/Codelist/gmxCodelists.xml#CI_RoleCode" codeListValue="processor" codeSpace="ISOTC211/19115">processor</gmd:CI_RoleCode>
							</gmd:role>
						</gmd:CI_ResponsibleParty>
					</gmd:citedResponsibleParty>
					<gmd:presentationForm>
						<gmd:CI_PresentationFormCode codeList="http://www.isotc211.org/2005/resources/Codelist/gmxCodelists.xml#CI_PresentationFormCode" codeListValue="mapDigital" codeSpace="ISOTC211/19115">mapDigital</gmd:CI_PresentationFormCode>
					</gmd:presentationForm>
				</gmd:CI_Citation>
			</gmd:citation>
			<gmd:abstract>
				<gco:CharacterString>This dataset should be bibliographically referred to as the “GISCO Ports 2013 dataset”. It contains 1 feature class with the location of 2440 pan-European ports, plus one attribute table and 3 domain tables. The ports are identified following the UN Locode list. The dataset is based on the list “Ports Estat 2010” from Eurostat.All ports are represented by a point location in PORT_PT_2013. Point coordinates and Locodes are derived from several input sources, including ports lists from EMSA, Lloyds, Norie’s Seaports of the World, the GISCO Ports 2010 dataset and the UN/LOCODE 2007 list. Attributes in PORT_AT_2013 include the port name, Locode Status Indicator, and reliability flags for the positional and Locode accuracy.Dataset coverage is global.The dataset has been created for cartographic purposes and for appropriate analysis. Port statistics can be geo-referenced to this high quality pan-European dataset, especially when based on UN Locode.</gco:CharacterString>
			</gmd:abstract>
			<gmd:purpose>
				<gco:CharacterString>The dataset has been created for cartographic purposes and for appropriate analysis. Port statistics can be geo-referenced to this high quality pan-European dataset, especially when based on UN Locode.</gco:CharacterString>
			</gmd:purpose>
			<gmd:pointOfContact>
				<gmd:CI_ResponsibleParty>
					<gmd:organisationName>
						<gco:CharacterString>European Commission, Eurostat (ESTAT), GISCO</gco:CharacterString>
					</gmd:organisationName>
					<gmd:contactInfo>
						<gmd:CI_Contact>
							<gmd:address>
								<gmd:CI_Address>
									<gmd:electronicMailAddress>
										<gco:CharacterString>estat-gisco@ec.europa.eu</gco:CharacterString>
									</gmd:electronicMailAddress>
								</gmd:CI_Address>
							</gmd:address>
						</gmd:CI_Contact>
					</gmd:contactInfo>
					<gmd:role>
						<gmd:CI_RoleCode codeList="http://www.isotc211.org/2005/resources/Codelist/gmxCodelists.xml#CI_RoleCode" codeListValue="owner" codeSpace="ISOTC211/19115">owner</gmd:CI_RoleCode>
					</gmd:role>
				</gmd:CI_ResponsibleParty>
			</gmd:pointOfContact>
			<gmd:descriptiveKeywords>
				<gmd:MD_Keywords>
					<gmd:keyword>
						<gco:CharacterString>Addresses</gco:CharacterString>
					</gmd:keyword>
					<gmd:type>
						<gmd:MD_KeywordTypeCode codeList="http://www.isotc211.org/2005/resources/Codelist/gmxCodelists.xml#MD_KeywordTypeCode" codeListValue="theme" codeSpace="ISOTC211/19115">theme</gmd:MD_KeywordTypeCode>
					</gmd:type>
					<gmd:thesaurusName>
						<gmd:CI_Citation>
							<gmd:title>
								<gco:CharacterString>GEMET - INSPIRE themes, version 1.0</gco:CharacterString>
							</gmd:title>
							<gmd:date>
								<gmd:CI_Date>
									<gmd:date>
										<gco:Date>2008-01-06</gco:Date>
									</gmd:date>
									<gmd:dateType>
										<gmd:CI_DateTypeCode codeList="http://standards.iso.org/ittf/PubliclyAvailableStandards/ISO_19139_Schemas/resources/Codelist/ML_gmxCodelists.xml#CI_DateTypeCode" codeListValue="publication" codeSpace="ISOTC211/19115">publication</gmd:CI_DateTypeCode>
									</gmd:dateType>
								</gmd:CI_Date>
							</gmd:date>
						</gmd:CI_Citation>
					</gmd:thesaurusName>
				</gmd:MD_Keywords>
			</gmd:descriptiveKeywords>
			<gmd:resourceConstraints>
				<gmd:MD_Constraints>
					<gmd:useLimitation>
						<gco:CharacterString>The datasets have been created for cartographic purposes. Not to be used for navigation.</gco:CharacterString>
					</gmd:useLimitation>
				</gmd:MD_Constraints>
			</gmd:resourceConstraints>
			<gmd:resourceConstraints>
				<gmd:MD_LegalConstraints>
					<gmd:accessConstraints>
						<gmd:MD_RestrictionCode codeList="http://www.isotc211.org/2005/resources/Codelist/gmxCodelists.xml#MD_RestrictionCode" codeListValue="otherRestrictions" codeSpace="ISOTC211/19115">otherRestrictions</gmd:MD_RestrictionCode>
					</gmd:accessConstraints>
					<gmd:useConstraints>
						<gmd:MD_RestrictionCode codeList="http://www.isotc211.org/2005/resources/Codelist/gmxCodelists.xml#MD_RestrictionCode" codeListValue="copyright" codeSpace="ISOTC211/19115">copyright</gmd:MD_RestrictionCode>
					</gmd:useConstraints>
					<gmd:otherConstraints>
						<gco:CharacterString>Usage of data is public</gco:CharacterString>
					</gmd:otherConstraints>
					<gmd:otherConstraints>
						<gco:CharacterString>Source should be acknowledged: "Source: GISCO - Eurostat (European Commission)"</gco:CharacterString>
					</gmd:otherConstraints>
				</gmd:MD_LegalConstraints>
			</gmd:resourceConstraints>
			<gmd:spatialRepresentationType>
				<gmd:MD_SpatialRepresentationTypeCode codeList="http://www.isotc211.org/2005/resources/Codelist/gmxCodelists.xml#MD_SpatialRepresentationTypeCode" codeListValue="vector" codeSpace="ISOTC211/19115">vector</gmd:MD_SpatialRepresentationTypeCode>
			</gmd:spatialRepresentationType>
			<gmd:spatialResolution>
				<gmd:MD_Resolution>
					<gmd:equivalentScale>
						<gmd:MD_RepresentativeFraction>
							<gmd:denominator>
								<gco:Integer>100000</gco:Integer>
							</gmd:denominator>
						</gmd:MD_RepresentativeFraction>
					</gmd:equivalentScale>
				</gmd:MD_Resolution>
			</gmd:spatialResolution>
			<gmd:language gco:nilReason="missing"/>
			<gmd:characterSet>
				<gmd:MD_CharacterSetCode codeList="http://www.isotc211.org/2005/resources/Codelist/gmxCodelists.xml#MD_CharacterSetCode" codeListValue="utf8" codeSpace="ISOTC211/19115">utf8</gmd:MD_CharacterSetCode>
			</gmd:characterSet>
			<gmd:topicCategory>
				<gmd:MD_TopicCategoryCode>transportation</gmd:MD_TopicCategoryCode>
			</gmd:topicCategory>
			<gmd:environmentDescription>
				<gco:CharacterString>Microsoft Windows 7 Version 6.1 (Build 7601) Service Pack 1; ESRI ArcGIS 10.0.5.4400</gco:CharacterString>
			</gmd:environmentDescription>
			<gmd:extent>
				<gmd:EX_Extent>
					<gmd:geographicElement>
						<gmd:EX_GeographicBoundingBox>
							<gmd:extentTypeCode>
								<gco:Boolean>true</gco:Boolean>
							</gmd:extentTypeCode>
							<gmd:westBoundLongitude>
								<gco:Decimal>-176.142212</gco:Decimal>
							</gmd:westBoundLongitude>
							<gmd:eastBoundLongitude>
								<gco:Decimal>178.429688</gco:Decimal>
							</gmd:eastBoundLongitude>
							<gmd:southBoundLatitude>
								<gco:Decimal>-54.280518</gco:Decimal>
							</gmd:southBoundLatitude>
							<gmd:northBoundLatitude>
								<gco:Decimal>78.231445</gco:Decimal>
							</gmd:northBoundLatitude>
						</gmd:EX_GeographicBoundingBox>
					</gmd:geographicElement>
				</gmd:EX_Extent>
			</gmd:extent>
		</gmd:MD_DataIdentification>
	</gmd:identificationInfo>
	<gmd:distributionInfo>
		<gmd:MD_Distribution>
			<gmd:distributionFormat>
				<gmd:MD_Format>
					<gmd:name>
						<gco:CharacterString>File Geodatabase Feature Class</gco:CharacterString>
					</gmd:name>
					<gmd:version gco:nilReason="missing"/>
				</gmd:MD_Format>
			</gmd:distributionFormat>
			<gmd:distributor>
				<gmd:MD_Distributor>
					<gmd:distributorContact>
						<gmd:CI_ResponsibleParty>
							<gmd:individualName>
								<gco:CharacterString>Eurostat GISCO</gco:CharacterString>
							</gmd:individualName>
							<gmd:organisationName>
								<gco:CharacterString>Eurostat GISCO - European Commission (EC)</gco:CharacterString>
							</gmd:organisationName>
							<gmd:positionName>
								<gco:CharacterString>Responsible of reference geodatabase for the EC</gco:CharacterString>
							</gmd:positionName>
							<gmd:contactInfo>
								<gmd:CI_Contact>
									<gmd:phone>
										<gmd:CI_Telephone>
											<gmd:voice>
												<gco:CharacterString>+352 4301 32076</gco:CharacterString>
											</gmd:voice>
											<gmd:facsimile>
												<gco:CharacterString>+352 4301 34029</gco:CharacterString>
											</gmd:facsimile>
										</gmd:CI_Telephone>
									</gmd:phone>
									<gmd:address>
										<gmd:CI_Address>
											<gmd:deliveryPoint>
												<gco:CharacterString>5, rue Alphonse Weicker</gco:CharacterString>
											</gmd:deliveryPoint>
											<gmd:city>
												<gco:CharacterString>Luxembourg</gco:CharacterString>
											</gmd:city>
											<gmd:administrativeArea>
												<gco:CharacterString>Luxembourg</gco:CharacterString>
											</gmd:administrativeArea>
											<gmd:postalCode>
												<gco:CharacterString>2721</gco:CharacterString>
											</gmd:postalCode>
											<gmd:country>
												<gmd:Country codeList="http://www.iso.org/iso/country_codes/iso_3166_code_lists.htm" codeListValue="LU" codeSpace="ISO3166-1">LU</gmd:Country>
											</gmd:country>
											<gmd:electronicMailAddress>
												<gco:CharacterString>estat-gisco@ec.europa.eu</gco:CharacterString>
											</gmd:electronicMailAddress>
										</gmd:CI_Address>
									</gmd:address>
								</gmd:CI_Contact>
							</gmd:contactInfo>
							<gmd:role>
								<gmd:CI_RoleCode codeList="http://www.isotc211.org/2005/resources/Codelist/gmxCodelists.xml#CI_RoleCode" codeListValue="distributor" codeSpace="ISOTC211/19115">distributor</gmd:CI_RoleCode>
							</gmd:role>
						</gmd:CI_ResponsibleParty>
					</gmd:distributorContact>
					<gmd:distributorFormat>
						<gmd:MD_Format>
							<gmd:name>
								<gco:CharacterString>SDE Feature Class</gco:CharacterString>
							</gmd:name>
							<gmd:version>
								<gco:CharacterString>9.3</gco:CharacterString>
							</gmd:version>
						</gmd:MD_Format>
					</gmd:distributorFormat>
					<gmd:distributorTransferOptions>
						<gmd:MD_DigitalTransferOptions/>
					</gmd:distributorTransferOptions>
				</gmd:MD_Distributor>
			</gmd:distributor>
		</gmd:MD_Distribution>
	</gmd:distributionInfo>
	<gmd:dataQualityInfo>
		<gmd:DQ_DataQuality>
			<gmd:scope>
				<gmd:DQ_Scope>
					<gmd:level gco:nilReason="missing"/>
				</gmd:DQ_Scope>
			</gmd:scope>
			<gmd:lineage>
				<gmd:LI_Lineage>
					<gmd:statement>
						<gco:CharacterString>Port names and Locodes were mainly taken from the Eurostat list "Ports Estat 2010", or the UN/LOCODE 2007 list. This dataset is an update of the 2009 dataset with additional ports added and some removed.  No polygon data hsa been supllied with this version


Point location sources were, in decreasing order of preference:
1. European Maritime Safety Agency (EMSA) list of ports by calls
2. Lloyds MIU list of European ports
3. GISCO Ports 2009 dataset (PORT_2009). This was derived from some of the same sources used for this dataset, plus Norie’s Seaports of the World list (in Norie’s Nautical Tables, Imray, 2007)
4. UN/LOCODE 2007 list (UNECE, 2007)
5. List of additions and removals supplied by Unit B4 in Eurostat



Many of the processing steps included some manual matching, editing or checking steps to improve data quality. Reference sources used included port organisation websites, online port lists, and aerial imagery. The busiest 60 ports according to the "EU Energy and Transport in Figures: Statistical Pocketbook 2009" were visually checked against input and reference sources. Effort was also focussed on Eurostat statistical ports. All matching steps included manual checks of join tables or the spatial data to help overcome naming or conceptual differences between sources. Some expected errors were manually fixed.

LOCD_STTS_CODE port attributes derived from UN/LOCODE 2007, and LOCD_STTS_DOM table copied from the StatusIndicator table of the UN database. PORT_COOR_RELI_CODE positional reliability attributes were calculated for port points based on the process for reaching the final point coordinate. PORT_LOCD_RELI_CODE attributes were derived depending on the port’s proximity to settlement features that verify the port name (and hence Locode). TEN_CODE and PROC_TEN_CODE attributes provided by GISCO. STAT_PORT_CODE and REMK are Eurostat attributes from the "Ports Estat 2010" list.  
</gco:CharacterString>
					</gmd:statement>
					<gmd:processStep>
						<gmd:LI_ProcessStep>
							<gmd:description gco:nilReason="missing"/>
						</gmd:LI_ProcessStep>
					</gmd:processStep>
					<gmd:source>
						<gmd:LI_Source>
							<gmd:description>
								<gco:CharacterString>Eurostat “Ports Estat 2009” list; CLC2000 vector dataset; ERM v3.0 HarbourA dataset; GISCO STTL_V3 dataset (from ERM v3.0); UN/LOCODE 2007 list; GISCO Ports 2008 dataset; EMSA list of ports by calls; Lloyds MIU list of European ports; Norie’s Seaports of the World list; internet reference sources</gco:CharacterString>
							</gmd:description>
						</gmd:LI_Source>
					</gmd:source>
				</gmd:LI_Lineage>
			</gmd:lineage>
		</gmd:DQ_DataQuality>
	</gmd:dataQualityInfo>
	<Esri><CreaDate>20150114</CreaDate><CreaTime>14271900</CreaTime><ArcGISstyle>GISCO Metadata Editor 2012</ArcGISstyle><SyncOnce>TRUE</SyncOnce><DataProperties><itemProps><itemLocation><linkage Sync="TRUE">file://\\s-tlar\development\develop\Database-Updates\PORTS\2014-DEC-PORTS_2013\PORT_2013_SH\Metadata\XML\PORT_PT_2013</linkage><protocol Sync="TRUE">Local Area Network</protocol></itemLocation></itemProps><copyHistory><copy source="J:\develop\Database-Updates\PORTS\2014-DEC-PORTS_2013\PORT_2013\Metadata\XML\PORT_PT_2013" dest="\\s-tlar\development\develop\Database-Updates\PORTS\2014-DEC-PORTS_2013\PORT_2013_SH\Metadata\XML\PORT_PT_2013" date="20150114" time="14271900"></copy></copyHistory></DataProperties></Esri></gmd:MD_Metadata>
