<?xml version="1.0" encoding="UTF-8"?>
<MD_Metadata xmlns="http://www.isotc211.org/2005/gmd" xmlns:gco="http://www.isotc211.org/2005/gco" xmlns:gmd="http://www.isotc211.org/2005/gmd" xmlns:gml="http://www.opengis.net/gml" xmlns:xlink="http://www.w3.org/1999/xlink" xmlns:xsi="http://www.w3.org/2001/XMLSchema-instance" xsi:schemaLocation="http://www.isotc211.org/2005/gmd http://schemas.opengis.net/iso/19139/20060504/gmd/gmd.xsd">
	<fileIdentifier><CharacterString xmlns="http://www.isotc211.org/2005/gco">{B209313F-079C-4B13-9F59-1C8BA66C0E6C}</CharacterString></fileIdentifier>
	<language>
		<gmd:LanguageCode codeList="http://standards.iso.org/ittf/PubliclyAvailableStandards/ISO_19139_Schemas/resources/Codelist/ML_gmxCodelists.xml#LanguageCode" codeListValue="eng">eng</gmd:LanguageCode>
	</language>
	<hierarchyLevel>
		<MD_ScopeCode codeList="http://standards.iso.org/ittf/PubliclyAvailableStandards/ISO_19139_Schemas/resources/Codelist/ML_gmxCodelists.xml#MD_ScopeCode" codeListValue="dataset">dataset</MD_ScopeCode>
	</hierarchyLevel>
	<contact>
		<CI_ResponsibleParty>
			<organisationName>
				<gco:CharacterString>European Commission</gco:CharacterString>
			</organisationName>
			<contactInfo>
				<CI_Contact>
					<address>
						<CI_Address>
							<electronicMailAddress>
								<gco:CharacterString>estat-gisco@ec.europa.eu</gco:CharacterString>
							</electronicMailAddress>
						</CI_Address>
					</address>
				</CI_Contact>
			</contactInfo>
			<role>
				<CI_RoleCode codeList="http://www.isotc211.org/2005/resources/Codelist/gmxCodelists.xml#CI_RoleCode" codeListValue="pointOfContact"/>
			</role>
		</CI_ResponsibleParty>
	</contact>
	<dateStamp>
		<gco:Date>2015-01-07</gco:Date>
	</dateStamp>
	<metadataStandardName>
		<gco:CharacterString>INSPIRE Metadata Commission Regulation (EC) No 1205/2008</gco:CharacterString>
	</metadataStandardName>
	<metadataStandardVersion>
		<gco:CharacterString>03.12.2008</gco:CharacterString>
	</metadataStandardVersion>
	<locale>
		<gmd:PT_Locale id="eng">
			<gmd:languageCode>
				<gmd:LanguageCode codeList="http://www.isotc211.org/2005/resources/Codelist/gmxCodelists.xml#LanguageCode" codeListValue="eng">English</gmd:LanguageCode>
			</gmd:languageCode>
			<gmd:characterEncoding>
				<gmd:MD_CharacterSetCode codeList="http://www.isotc211.org/2005/resources/Codelist/gmxCodelists.xml#MD_CharacterSetCode" codeListValue="utf8">UTF-8</gmd:MD_CharacterSetCode>
			</gmd:characterEncoding>
		</gmd:PT_Locale>
	</locale>
	<identificationInfo>
		<MD_DataIdentification>
			<citation>
				<CI_Citation>
					<title>
						<gco:CharacterString>Ports, 2013 - Transport Networks - Dataset</gco:CharacterString>
					</title>
					
					<date>
						<CI_Date>
							<date>
								<gco:Date>2014-10-01</gco:Date>
							</date>
							<dateType>
								<CI_DateTypeCode codeList="http://www.isotc211.org/2005/resources/Codelist/gmxCodelists.xml#CI_DateTypeCode" codeListValue="creation"/>
							</dateType>
						</CI_Date>
					</date>
					
					<identifier>
						<MD_Identifier>
							<code>
								<gco:CharacterString>{7AD5AD4D-AA43-4E61-9C70-6BA85C358FFA}</gco:CharacterString>
							</code>
						</MD_Identifier>
					</identifier>
				</CI_Citation>
			</citation>
			<abstract>
				<gco:CharacterString>This dataset should be bibliographically referred to as the “GISCO Ports 2013 dataset”. It contains a pointfeature class with the location of 2440 pan-European ports, plus one attribute table and 3 domain tables. The ports are identified following the UN Locode list. The dataset is based on the list “Ports Estat 2010” from Eurostat.
All ports are represented by a point location in PORT_PT_2013. Point coordinates and Locodes are derived from several input sources, including ports lists from EMSA, Lloyds, Norie’s Seaports of the World, the GISCO Ports 2010 dataset and the UN/LOCODE 2007 list. Attributes in PORT_AT_2013 include the port name, Locode Status Indicator, and reliability flags for the positional and Locode accuracy. Dataset coverage is global.

The dataset has been created for cartographic purposes and for appropriate analysis. Port statistics can be geo-referenced to this high quality pan-European dataset, especially when based on UN Locode.</gco:CharacterString>
			</abstract>
			<pointOfContact>
				<CI_ResponsibleParty>
					<organisationName>
						<gco:CharacterString>European Commission</gco:CharacterString>
					</organisationName>
					<contactInfo>
						<CI_Contact>
							<address>
								<CI_Address>
									<electronicMailAddress>
										<gco:CharacterString>estat-gisco@ec.europa.eu</gco:CharacterString>
									</electronicMailAddress>
								</CI_Address>
							</address>
						</CI_Contact>
					</contactInfo>
					<role>
						<CI_RoleCode codeList="http://www.isotc211.org/2005/resources/Codelist/gmxCodelists.xml#CI_RoleCode" codeListValue="pointOfContact">pointOfContact</CI_RoleCode>
					</role>
				</CI_ResponsibleParty>
			</pointOfContact>
			
			<descriptiveKeywords xlink:title="inspire-data-theme-keywords">
				<gmd:MD_Keywords>
					<gmd:keyword>
						<gco:CharacterString>Transport networks</gco:CharacterString>
					</gmd:keyword>
					<thesaurusName>
						<CI_Citation>
							<title>
								<gco:CharacterString>GEMET - INSPIRE themes, version 1.0</gco:CharacterString>
							</title>
							<date>
								<CI_Date>
									<date>
										<gco:Date>2008-06-01</gco:Date>
									</date>
									<dateType>
										<CI_DateTypeCode codeList="http://standards.iso.org/ittf/PubliclyAvailableStandards/ISO_19139_Schemas/resources/Codelist/ML_gmxCodelists.xml#CI_DateTypeCode" codeListValue="publication">publication</CI_DateTypeCode>
									</dateType>
								</CI_Date>
							</date>
						</CI_Citation>
					</thesaurusName>
				</gmd:MD_Keywords>
			</descriptiveKeywords>
			
			<descriptiveKeywords xlink:title="gemet-keywords">
				<MD_Keywords>
					<gmd:keyword>
						<gco:CharacterString>transportation</gco:CharacterString>
					</gmd:keyword>
<gmd:keyword>
						<gco:CharacterString>maritime transport</gco:CharacterString>
					</gmd:keyword>
					<thesaurusName>
						<CI_Citation>
							<title>
								<gco:CharacterString>GEMET - Concepts, version 3.1</gco:CharacterString>
							</title>
							<date>
								<CI_Date>
									<date>
										<gco:Date>2012-07-20</gco:Date>
									</date>
									<dateType>
										<CI_DateTypeCode codeList="http://standards.iso.org/ittf/PubliclyAvailableStandards/ISO_19139_Schemas/resources/Codelist/ML_gmxCodelists.xml#CI_DateTypeCode" codeListValue="publication">publication</CI_DateTypeCode>
									</dateType>
								</CI_Date>
							</date>
						</CI_Citation>
					</thesaurusName>
				</MD_Keywords>
			</descriptiveKeywords>
			<resourceConstraints>
				<MD_Constraints>
					<useLimitation>
						<gco:CharacterString>This data set should be referred as &amp;quot;Ports, 2013 - European Commission, Eurostat/GISCO&amp;quot;.   

An overview of the use conditions for EuroGeographics and the European Environmental agency (EEA) is given below. 

The detailed use conditions for EuroGeographics data are available here: https://circabc.europa.eu/d/d/workspace/SpacesStore/6f5186f3-908b-413a-8687-191604976751/EuroGeographics%20Use%20Conditions%20-%20From%20Contract.pdf 
      
Access to the detailed data is restricted to the personnel of the European Commission, the Executive Agencies and contractors, due to intellectual property rights.   
   
The contractors can access the data after signing an agreement form. The agreement form can be requested by the responsible service from European Commission - Eurostat/GISCO (ESTAT-GISCO@ec.europa.eu). Once the form has been signed, access will be provided by European Commission - Eurostat/GISCO.
   
Data can be published in the form of electronic images, statistical tables and on paper. 
   
Subsets of these data can be made available to the general public for non commercial use, only if the data covered either has a spatial resolution of 1:3.000.000 or smaller, or less than 20% of the original EuroGeographics data is shown for the extent selected.
   
The source and intellectual property have always to be acknowledged. To this end, an acknowledgement as specified below must be visible on any printed or electronic publication using the data.

Acknowledgement notice, depending on the language used in the publication: 

English: 
Ports: Â© EuroGeographics, Â© EEA
Source: European Commission â Eurostat/GISCO 
French: 
Ports: Â© EuroGeographics, Â© EEA
Source: Commission europÃ©enne â Eurostat/GISCO
German: 
HÃ¤fen: Â© EuroGeographics, Â© EEA
Quelle: EuropÃ¤ische Kommission - Eurostat/GISCO 
   
For publications in languages other than English, French or German, the translation of the acknowledgement notice in the language of the publication must be used.</gco:CharacterString>
					</useLimitation>
				</MD_Constraints>
			</resourceConstraints>
			<resourceConstraints>
				<MD_LegalConstraints>
					<accessConstraints>
						<MD_RestrictionCode codeList="http://standards.iso.org/ittf/PubliclyAvailableStandards/ISO_19139_Schemas/resources/Codelist/gmxCodelists.xml#MD_RestrictionCode" codeListValue="otherRestrictions">otherRestrictions</MD_RestrictionCode>
					</accessConstraints>
					<otherConstraints>
						<gco:CharacterString>The datasets have been created for cartographic purposes. Not to be used for navigation.

(e) intellectual property rights</gco:CharacterString>
					</otherConstraints>
				</MD_LegalConstraints>
			</resourceConstraints>
			<spatialResolution>
				<MD_Resolution>
					<equivalentScale>
						<MD_RepresentativeFraction>
							<denominator>
								<gco:Integer>100000</gco:Integer>
							</denominator>
						</MD_RepresentativeFraction>
					</equivalentScale>
				</MD_Resolution>
			</spatialResolution>
			<spatialResolution>
				<MD_Resolution>
					<equivalentScale>
						<MD_RepresentativeFraction>
							<denominator>
								<gco:Integer>1000000</gco:Integer>
							</denominator>
						</MD_RepresentativeFraction>
					</equivalentScale>
				</MD_Resolution>
			</spatialResolution>
			
			
			<language>
				<gco:CharacterString>eng</gco:CharacterString>
			</language>
			<topicCategory>
				<MD_TopicCategoryCode>transportation</MD_TopicCategoryCode>
			</topicCategory>
			<extent>
				<EX_Extent>
					<geographicElement>
						<EX_GeographicBoundingBox>
							<westBoundLongitude>
								<gco:Decimal>-61.72</gco:Decimal>
							</westBoundLongitude>
							<eastBoundLongitude>
								<gco:Decimal>55.31</gco:Decimal>
							</eastBoundLongitude>
							<southBoundLatitude>
								<gco:Decimal>-20.94</gco:Decimal>
							</southBoundLatitude>
							<northBoundLatitude>
								<gco:Decimal>71.04</gco:Decimal>
							</northBoundLatitude>
						</EX_GeographicBoundingBox>
					</geographicElement>
					
				</EX_Extent>
			</extent>
		</MD_DataIdentification>
	</identificationInfo>


	<distributionInfo>
		<MD_Distribution>
			
			<transferOptions>
				<MD_DigitalTransferOptions>
					<onLine>
						<CI_OnlineResource>
							<linkage>
								<URL>https://webgate.ec.europa.eu/fpfis/wikis/x/1y3wB</URL>
							</linkage>
							<function>
								<CI_OnLineFunctionCode codeList="http://www.isotc211.org/2005/resources/Codelist/gmxCodelists.xml#CI_OnLineFunctionCode" codeListValue="information"/>
							</function>
						</CI_OnlineResource>
					</onLine>
				</MD_DigitalTransferOptions>
			</transferOptions>
			<transferOptions>
				<MD_DigitalTransferOptions>
					<onLine>
						<CI_OnlineResource>
							<linkage>
								<URL>http://ec.europa.eu/eurostat/web/gisco/geodata/reference-data/transport-networks</URL>
							</linkage>
							<function>
								<CI_OnLineFunctionCode codeList="http://www.isotc211.org/2005/resources/Codelist/gmxCodelists.xml#CI_OnLineFunctionCode" codeListValue="download"/>
							</function>
						</CI_OnlineResource>
					</onLine>
				</MD_DigitalTransferOptions>
			</transferOptions>
			<transferOptions>
				<MD_DigitalTransferOptions>
					<onLine>
						<CI_OnlineResource>
							<linkage>
								<URL>https://webgate.ec.europa.eu/fpfis/wikis/x/1y3wB</URL>
							</linkage>
							<function>
								<CI_OnLineFunctionCode codeList="http://www.isotc211.org/2005/resources/Codelist/gmxCodelists.xml#CI_OnLineFunctionCode" codeListValue="offlineAccess"/>
							</function>
						</CI_OnlineResource>
					</onLine>
				</MD_DigitalTransferOptions>
			</transferOptions>
			
		</MD_Distribution>
	</distributionInfo>

	<dataQualityInfo>
		<DQ_DataQuality>
			<scope>
				<DQ_Scope>
					<level>
						<MD_ScopeCode codeList="http://www.isotc211.org/2005/resources/Codelist/gmxCodelists.xml#MD_ScopeCode" codeListValue=""/>
					</level>
				</DQ_Scope>
			</scope>
			<report>
				<DQ_DomainConsistency xsi:type="DQ_DomainConsistency_Type">
					<measureIdentification>
						<RS_Identifier>
							<code>
								<gco:CharacterString>Conformity_001</gco:CharacterString>
							</code>
							<codeSpace>
								<gco:CharacterString>INSPIRE</gco:CharacterString>
							</codeSpace>
						</RS_Identifier>
					</measureIdentification>
					<result>
						<DQ_ConformanceResult xsi:type="DQ_ConformanceResult_Type">
							<specification>
								<CI_Citation>
									<title>
										<gco:CharacterString>Commission Regulation (EU) No 1089/2010 of 23 November 2010 implementing Directive 2007/2/EC of the European Parliament and of the Council as regards interoperability of spatial data sets and services</gco:CharacterString>
									</title>
									<date>
										<CI_Date>
											<date>
												<gco:Date>2010-11-23</gco:Date>
											</date>
											<dateType>
												<CI_DateTypeCode codeList="http://standards.iso.org/ittf/PubliclyAvailableStandards/ISO_19139_Schemas/resources/Codelist/ML_gmxCodelists.xml#CI_DateTypeCode" codeListValue="creation">creation</CI_DateTypeCode>
											</dateType>
										</CI_Date>
									</date>
								</CI_Citation>
							</specification>
							<explanation>
								<gco:CharacterString>See the referenced specification</gco:CharacterString>
							</explanation>
							<pass>
								
							</pass>
						</DQ_ConformanceResult>
					</result>
				</DQ_DomainConsistency>
			</report>
			
			
			<lineage>
				<LI_Lineage>
					<statement>
						<gco:CharacterString>Port names and Locodes were mainly taken from the Eurostat list &amp;quot;Ports Estat 2009&amp;quot;, or the UN/LOCODE 2007 list.

Port regions were derived from Corine Land Cover 2000 vector version (CLC class &amp;quot;1.2.3&amp;quot;) or EuroRegionalMap v3.0 (HarbourA class).

Point location sources were, in decreasing order of preference:
1. European Maritime Safety Agency (EMSA) list of ports by calls
2. Lloyds MIU list of European ports
3. GISCO Ports 2008 dataset (PORT_2008). This was derived from some of the same sources used for this dataset, plus Norie’s Seaports of the World list (in Norie’s Nautical Tables, Imray, 2007)
4. UN/LOCODE 2007 list (UNECE, 2007)
The point location may then have been moved inside a port polygon, inside the land polygon (GISCO CNTR_RG_100K_2006), inside a settlement polygon (STTL_RG_250K_V3) or made coincident with a settlement point (STTL_PT_V3).

Port polygons within 200m of a STTL_RG_250K_V3 were named according to the settlement. The named port polygons were matched to port points within 1 arc minute based on name and coordinate coincidence (fuzzy matching), in order of source preference. Some named polygons not near a point were assigned Locodes by name match with the UN list. The unnamed port polygons were matched to points within 1 arc minute, considering the agreement between the different point sources. These steps created initial point and polygon datasets that were harmonised with each other. Port points were added from PORT_PT_2008, the EMSA dataset or the Estat 2009 list (where possible) where the Locode was not already represented, and these additional points were harmonised with nearby STTL_V3.

Many of the processing steps included some manual matching, editing or checking steps to improve data quality. Reference sources used included port organisation websites, online port lists, and aerial imagery. The busiest 60 ports according to the &amp;quot;EU Energy and Transport in Figures: Statistical Pocketbook 2009&amp;quot; were visually checked against input and reference sources. Effort was also focussed on Eurostat statistical ports. All matching steps included manual checks of join tables or the spatial data to help overcome naming or conceptual differences between sources. Some expected errors were manually fixed.

LOCD_STTS_CODE port attributes derived from UN/LOCODE 2007, and LOCD_STTS_DOM table copied from the StatusIndicator table of the UN database. PORT_COOR_RELI_CODE positional reliability attributes were calculated for port points based on the process for reaching the final point coordinate. PORT_LOCD_RELI_CODE attributes were derived depending on the port’s proximity to settlement features that verify the port name (and hence Locode). TEN_CODE and PROC_TEN_CODE attributes provided by GISCO. STAT_PORT_CODE and REMK are Eurostat attributes from the &amp;quot;Ports Estat 2009&amp;quot; list.


----
Extensions of PORT_2009 and upgrade of location
The New records added in PORT_AT_2009 are provided from EUROSTAT. 230 new ports added (48 russian ports and 182 world ports) and a field (PORT_HIER_CODE) about a hierarchical clasification defined in MART_HIER_DOM.

----
Updated of PORT_2013 and upgrade of location
- 73 added ports
- 10 changed port code
- 4 changed port name 
- 39 removed port 



Ports polygons are a not included in this dataset</gco:CharacterString>
					</statement>
				</LI_Lineage>
			</lineage>
		</DQ_DataQuality>
	</dataQualityInfo>
</MD_Metadata>